,,,,,県学調　質問紙調査内容一覧,,,,,,,,,,,,,,,,,,,,,
,通番,"帳票１０
グラフ対象","11,分析支援
項目",非認知項目等,質問内容,小４,,小５,,小６,,中１,,中２,,中３,,,,入力,入力,入力,入力,入力,入力,入力
,,,,,,R2,設問番号,R2,設問番号,R2,設問番号,R2,設問番号,R2,設問番号,R2,設問番号,,,num_Q,小4,小5,小6,中1,中2,中3
,,,,,勉強する理由,,,,,,,,,,,,,,,,,,,,,
1,1,〇,〇,勉強,楽しい、好き,1,(1)ア,1,(1)ア,1,(1)ア,1,(1)ア,1,(1)ア,1,(1)ア,,,q1,（１）ア,（１）ア,（１）ア,（１）ア,（１）ア,（１）ア
2,2,〇,〇,勉強,将来役立つ,1,(1)イ,1,(1)イ,1,(1)イ,1,(1)イ,1,(1)イ,1,(1)イ,,,q2,（１）イ,（１）イ,（１）イ,（１）イ,（１）イ,（１）イ
3,3,〇,〇,勉強,先生や家族にほめられる,1,(1)ウ,1,(1)ウ,1,(1)ウ,1,(1)ウ,1,(1)ウ,1,(1)ウ,,,q3,（１）ウ,（１）ウ,（１）ウ,（１）ウ,（１）ウ,（１）ウ
4,4,〇,〇,勉強,友達に認められる,1,(1)エ,1,(1)エ,1,(1)エ,1,(1)エ,1,(1)エ,1,(1)エ,,,q192,（１）エ,（１）エ,（１）エ,（１）エ,（１）エ,（１）エ
5,,,,,勉強のやり方,,,,,,,,,,,,,,,,,,,,,
6,5,〇,×,作業方略,参考書・事典の準備しておく,1,(2)ア,1,(2)ア,1,(2)ア,1,(2)ア,1,(2)ア,1,(2)ア,,,q18,（２）ア,（２）ア,（２）ア,（２）ア,（２）ア,（２）ア
7,6,〇,×,人的リソース方略,友達と答え合わせをする,1,(2)イ,1,(2)イ,1,(2)イ,1,(2)イ,1,(2)イ,1,(2)イ,,,q27,（２）イ,（２）イ,（２）イ,（２）イ,（２）イ,（２）イ
8,7,〇,×,柔軟的方略,わからないときは、勉強のやり方を変える,1,(2)ウ,1,(2)ウ,1,(2)ウ,1,(2)ウ,1,(2)ウ,1,(2)ウ,,,q5,（２）ウ,（２）ウ,（２）ウ,（２）ウ,（２）ウ,（２）ウ
9,8,〇,×,認知的方略,わからないときは、先生に聞く,1,(2)エ,1,(2)エ,1,(2)エ,1,(2)エ,1,(2)エ,1,(2)エ,,,q30,（２）エ,（２）エ,（２）エ,（２）エ,（２）エ,（２）エ
10,9,〇,×,努力調整方略,問題がつまらなくても最後までやり続ける,1,(2)オ,1,(2)オ,1,(2)オ,1,(2)オ,1,(2)オ,1,(2)オ,,,q38,（２）オ,（２）オ,（２）オ,（２）オ,（２）オ,（２）オ
11,10,〇,×,努力調整方略,勉強がつまらないときはやめてしまう【逆転項目】,1,(2)カ,1,(2)カ,1,(2)カ,1,(2)カ,1,(2)カ,1,(2)カ,,,q35,（２）カ,（２）カ,（２）カ,（２）カ,（２）カ,（２）カ
12,11,〇,×,努力調整方略,授業が難しいとき、簡単なところだけやる【逆転項目】,1,(2)キ,1,(2)キ,1,(2)キ,1,(2)キ,1,(2)キ,1,(2)キ,,,q37,（２）キ,（２）キ,（２）キ,（２）キ,（２）キ,（２）キ
13,12,〇,×,認知的方略,今までの学習と結びつけて考える,1,(2)ク,1,(2)ク,1,(2)ク,1,(2)ク,1,(2)ク,1,(2)ク,,,q31,（２）ク,（２）ク,（２）ク,（２）ク,（２）ク,（２）ク
14,13,〇,×,プランニング方略,既習を見直す,1,(2)ケ,1,(2)ケ,1,(2)ケ,1,(2)ケ,1,(2)ケ,1,(2)ケ,,,q15,（２）ケ,（２）ケ,（２）ケ,（２）ケ,（２）ケ,（２）ケ
15,14,〇,×,認知的方略,内容を思い浮かべて考える,1,(2)コ,1,(2)コ,1,(2)コ,1,(2)コ,1,(2)コ,1,(2)コ,,,q28,（２）コ,（２）コ,（２）コ,（２）コ,（２）コ,（２）コ
16,15,〇,×,柔軟的方略,内容を覚えているか確かめる,1,(2)サ,1,(2)サ,1,(2)サ,1,(2)サ,1,(2)サ,1,(2)サ,,,q6,（２）サ,（２）サ,（２）サ,（２）サ,（２）サ,（２）サ
17,16,〇,×,人的リソース方略,わからないとき、友達に答えを聞く,1,(2)シ,1,(2)シ,1,(2)シ,1,(2)シ,1,(2)シ,1,(2)シ,,,q24,（２）シ,（２）シ,（２）シ,（２）シ,（２）シ,（２）シ
18,17,〇,×,柔軟的方略,やり方が自分に合っているか考える,1,(2)ス,1,(2)ス,1,(2)ス,1,(2)ス,1,(2)ス,1,(2)ス,,,q4,（２）ス,（２）ス,（２）ス,（２）ス,（２）ス,（２）ス
19,18,〇,×,作業方略,言われなくてもノートにまとめる,1,(2)セ,1,(2)セ,1,(2)セ,1,(2)セ,1,(2)セ,1,(2)セ,,,q20,（２）セ,（２）セ,（２）セ,（２）セ,（２）セ,（２）セ
20,19,〇,×,プランニング方略,最初に計画を立ててから勉強を始める,1,(2)ソ,1,(2)ソ,1,(2)ソ,1,(2)ソ,1,(2)ソ,1,(2)ソ,,,q12,（２）ソ,（２）ソ,（２）ソ,（２）ソ,（２）ソ,（２）ソ
21,20,〇,×,柔軟的方略,勉強をする前に何を勉強するか考える,1,(2)タ,1,(2)タ,1,(2)タ,1,(2)タ,1,(2)タ,1,(2)タ,,,q7,（２）タ,（２）タ,（２）タ,（２）タ,（２）タ,（２）タ
22,21,〇,×,人的リソース方略,わからないときは、友達にやり方を聞く,1,(2)チ,1,(2)チ,1,(2)チ,1,(2)チ,1,(2)チ,1,(2)チ,,,q25,（２）チ,（２）チ,（２）チ,（２）チ,（２）チ,（２）チ
23,22,〇,×,作業方略,必要なものを用意してから勉強する,1,(2)ツ,1,(2)ツ,1,(2)ツ,1,(2)ツ,1,(2)ツ,1,(2)ツ,,,q19,（２）ツ,（２）ツ,（２）ツ,（２）ツ,（２）ツ,（２）ツ
24,23,〇,×,人的リソース方略,勉強のできる友達と同じやり方でやる,1,(2)テ,1,(2)テ,1,(2)テ,1,(2)テ,1,(2)テ,1,(2)テ,,,q26,（２）テ,（２）テ,（２）テ,（２）テ,（２）テ,（２）テ
25,24,〇,×,プランニング方略,正しいか確かめる,1,(2)ト,1,(2)ト,1,(2)ト,1,(2)ト,1,(2)ト,1,(2)ト,,,q13,（２）ト,（２）ト,（２）ト,（２）ト,（２）ト,（２）ト
26,25,〇,×,プランニング方略,計画に沿って行う,1,(2)ナ,1,(2)ナ,1,(2)ナ,1,(2)ナ,1,(2)ナ,1,(2)ナ,,,q14,（２）ナ,（２）ナ,（２）ナ,（２）ナ,（２）ナ,（２）ナ
27,26,〇,×,努力調整方略,嫌なところもよい成績をとるためにがんばる,1,(2)ニ,1,(2)ニ,1,(2)ニ,1,(2)ニ,1,(2)ニ,1,(2)ニ,,,q36,（２）ニ,（２）ニ,（２）ニ,（２）ニ,（２）ニ,（２）ニ
28,27,〇,×,認知的方略,知っている言葉で理解する,1,(2)ヌ,1,(2)ヌ,1,(2)ヌ,1,(2)ヌ,1,(2)ヌ,1,(2)ヌ,,,q29,（２）ヌ,（２）ヌ,（２）ヌ,（２）ヌ,（２）ヌ,（２）ヌ
29,28,〇,×,作業方略,繰り返し書いて覚える,1,(2)ネ,1,(2)ネ,1,(2)ネ,1,(2)ネ,1,(2)ネ,1,(2)ネ,,,q21,（２）ネ,（２）ネ,（２）ネ,（２）ネ,（２）ネ,（２）ネ
30,,,,,自分自身,,,,,,,,,,,,,,,,,,,,,
31,29,〇,×,やりぬく力,失敗を乗り越える,,,,,,,1,(3),,,,,,,q193,,,,（３）,,
32,30,〇,×,やりぬく力,前のことから気がそれる【逆転項目】,,,,,,,1,(4),,,,,,,q194,,,,（４）,,
33,31,〇,×,やりぬく力,興味関心が変わる【逆転項目】,,,,,,,1,(5),,,,,,,q195,,,,（５）,,
34,32,〇,×,やりぬく力,やる気がなくならない,,,,,,,1,(6),,,,,,,q196,,,,（６）,,
35,33,〇,×,やりぬく力,あきてしまう【逆転項目】,,,,,,,1,(7),,,,,,,q197,,,,（７）,,
36,34,〇,×,やりぬく力,よくがんばる,,,,,,,1,(8),,,,,,,q198,,,,（８）,,
37,35,〇,×,やりぬく力,目標を変える【逆転項目】,,,,,,,1,(9),,,,,,,q199,,,,（９）,,
38,36,〇,×,やりぬく力,集中し続けられない【逆転項目】,,,,,,,1,(10),,,,,,,q200,,,,（１０）,,
39,37,〇,×,やりぬく力,最後まで終わらせる,,,,,,,1,(11),,,,,,,q201,,,,（１１）,,
40,38,〇,×,やりぬく力,目標をやりとげる,,,,,,,1,(12),,,,,,,q202,,,,（１２）,,
41,39,〇,×,やりぬく力,新しいことに興味【逆転項目】,,,,,,,1,(13),,,,,,,q203,,,,（１３）,,
42,40,〇,×,やりぬく力,真面目にコツコツ,,,,,,,1,(14),,,,,,,q204,,,,（１４）,,
43,41,〇,〇,自分,よいところがある,1,(16),1,(29),1,(11),1,(15),1,(11),1,(11),,,q68,（１６）,（２９）,（１１）,（１５）,（１１）,（１１）
44,42,〇,〇,自分,難しいことにも挑戦する,1,(17),1,(30),1,(12),1,(16),1,(12),1,(12),,,q69,（１７）,（３０）,（１２）,（１６）,（１２）,（１２）
45,43,〇,〇,自分,地域の歴史や自然に関心がある,1,(18),1,(31),1,(13),1,(17),1,(13),1,(13),,,q70,（１８）,（３１）,（１３）,（１７）,（１３）,（１３）
46,44,〇,〇,自分,夢や目標を持っている,1,(19),1,(32),1,(14),1,(18),1,(14),1,(14),,,q71,（１９）,（３２）,（１４）,（１８）,（１４）,（１４）
47,45,〇,〇,自分,友達に認められることは大事である,1,(21),1,(34),1,(16),1,(20),1,(16),1,(16),,,q205,（２１）,（３４）,（１６）,（２０）,（１６）,（１６）
48,46,〇,〇,自分,幼稚園に通っていた,1,(22),1,(35),1,(17),1,(21),1,(17),1,(17),,,q207,（２２）,（３５）,（１７）,（２１）,（１７）,（１７）
49,47,〇,〇,自分,保育園に通っていた,1,(23),1,(36),1,(18),1,(22),1,(18),1,(18),,,q206,（２３）,（３６）,（１８）,（２２）,（１８）,（１８）
50,48,〇,〇,自分,将来どの学校まで進みたいか,1,(20),1,(33),1,(15),1,(19),1,(15),1,(15),,,q211,（２０）,（３３）,（１５）,（１９）,（１５）,（１５）
51,,,,,将来何かの職業について働きたい,,,,,,,,,,,,,,,,,,,,,
52,49,〇,×,自制心,必要なものを忘れた【回答が逆転しているためそのまま】,,,1,(21),,,,,1,(3),,,,,q39,,（２１）,,,（３）,
53,50,〇,×,自制心,じゃまをした【回答が逆転しているためそのまま】,,,1,(22),,,,,1,(4),,,,,q40,,（２２）,,,（４）,
54,51,〇,×,自制心,乱暴なことを言った【回答が逆転しているためそのまま】,,,1,(23),,,,,1,(5),,,,,q41,,（２３）,,,（５）,
55,52,〇,×,自制心,見つけられない【回答が逆転しているためそのまま】,,,1,(24),,,,,1,(6),,,,,q42,,（２４）,,,（６）,
56,53,〇,×,自制心,人やものにあたった【回答が逆転しているためそのまま】,,,1,(25),,,,,1,(7),,,,,q43,,（２５）,,,（７）,
57,54,〇,×,自制心,思い出せない【回答が逆転しているためそのまま】,,,1,(26),,,,,1,(8),,,,,q44,,（２６）,,,（８）,
58,55,〇,×,自制心,ぼんやり【回答が逆転しているためそのまま】,,,1,(27),,,,,1,(9),,,,,q45,,（２７）,,,（９）,
59,56,〇,×,自制心,口答えをした【回答が逆転しているためそのまま】,,,1,(28),,,,,1,(10),,,,,q46,,（２８）,,,（１０）,
60,57,〇,×,勤勉性,ミスをしないようにする【逆転項目】,1,(3),,,,,,,,,,,,,q55,（３）,,,,,
61,58,〇,×,勤勉性,楽しみながらがんばる【逆転項目】,1,(4),,,,,,,,,,,,,q56,（４）,,,,,
62,59,〇,×,勤勉性,やるべきことに関わる【逆転項目】,1,(5),,,,,,,,,,,,,q57,（５）,,,,,
63,60,〇,×,勤勉性,授業に集中する【逆転項目】,1,(6),,,,,,,,,,,,,q58,（６）,,,,,
64,61,〇,×,勤勉性,宿題ができたかを確認する【逆転項目】,1,(7),,,,,,,,,,,,,q59,（７）,,,,,
65,62,〇,×,勤勉性,ルールや順番を守る【逆転項目】,1,(8),,,,,,,,,,,,,q60,（８）,,,,,
66,63,〇,×,勤勉性,約束を守る【逆転項目】,1,(9),,,,,,,,,,,,,q61,（９）,,,,,
67,64,〇,×,勤勉性,周囲がちらかっている,1,(10),,,,,,,,,,,,,q62,（１０）,,,,,
68,65,〇,×,勤勉性,最後まで終わらせる【逆転項目】,1,(11),,,,,,,,,,,,,q63,（１１）,,,,,
69,66,〇,×,勤勉性,きちんと整理する【逆転項目】,1,(12),,,,,,,,,,,,,q64,（１２）,,,,,
70,67,〇,×,勤勉性,宿題を終わらせてから遊ぶ【逆転項目】,1,(13),,,,,,,,,,,,,q65,（１３）,,,,,
71,68,〇,×,勤勉性,気は散らない【逆転項目】,1,(14),,,,,,,,,,,,,q66,（１４）,,,,,
72,69,〇,×,勤勉性,やるべきことをやる【逆転項目】,1,(15),,,,,,,,,,,,,q67,（１５）,,,,,
73,,,,,進路で重視すること,,,,,,,,,,,,,,,,,,,,,
74,70,〇,〇,進路,就職に役立つことが学べる,,,,,,,,,1,(19)ア,1,(19)ア,,,q75,,,,,（１９）ア,（１９）ア
75,71,〇,〇,進路,やりたい勉強や部活動ができる,,,,,,,,,1,(19)イ,1,(19)イ,,,q76,,,,,（１９）イ,（１９）イ
76,72,〇,〇,進路,学力に合っている,,,,,,,,,1,(19)ウ,1,(19)ウ,,,q77,,,,,（１９）ウ,（１９）ウ
77,73,〇,〇,進路,個性や特技が生かせる,,,,,,,,,1,(19)エ,1,(19)エ,,,q78,,,,,（１９）エ,（１９）エ
78,,,,,進路選択の参考情報,,,,,,,,,,,,,,,,,,,,,
79,74,〇,〇,進路,先生の話,,,,,,,,,1,(20)ア,1,(20)ア,,,q79,,,,,（２０）ア,（２０）ア
80,75,〇,〇,進路,家の人の話,,,,,,,,,1,(20)イ,1,(20)イ,,,q80,,,,,（２０）イ,（２０）イ
81,76,〇,〇,進路,見学会,,,,,,,,,1,(20)ウ,1,(20)ウ,,,q81,,,,,（２０）ウ,（２０）ウ
82,77,〇,〇,進路,友達や先輩の話し,,,,,,,,,1,(20)エ,1,(20)エ,,,q82,,,,,（２０）エ,（２０）エ
83,,,,,昨年度のこと,,,,,,,,,,,,,,,,,,,,,
84,78,〇,〇,学級,学級は楽しかった,1,(36),1,(49),1,(31),1,(35),1,(33),1,(33),,,q83,（３６）,（４９）,（３１）,（３５）,（３３）,（３３）
85,79,〇,〇,学級,学級は落ち着いていた,1,(37),1,(50),1,(32),1,(36),1,(34),1,(34),,,q84,（３７）,（５０）,（３２）,（３６）,（３４）,（３４）
86,80,〇,〇,学級,学級はまとまっていた,1,(38),1,(51),1,(33),1,(37),1,(35),1,(35),,,q209,（３８）,（５１）,（３３）,（３７）,（３５）,（３５）
87,81,〇,〇,学級,先生がよさを認めてくれた,1,(39),1,(52),1,(34),1,(38),1,(36),1,(36),,,q208,（３９）,（５２）,（３４）,（３８）,（３６）,（３６）
88,82,〇,〇,学級,先生が相談にのってくれた,1,(40),1,(53),1,(35),1,(39),1,(37),1,(37),,,q87,（４０）,（５３）,（３５）,（３９）,（３７）,（３７）
89,83,〇,〇,学級,友達がよいところを認めてくれた,1,(41),1,(54),1,(36),1,(40),1,(38),1,(38),,,q86,（４１）,（５４）,（３６）,（４０）,（３８）,（３８）
90,84,〇,〇,学級,先生はわかるまで教えてくれた,1,(42),1,(55),1,(37),1,(41),1,(39),1,(39),,,q210,（４２）,（５５）,（３７）,（４１）,（３９）,（３９）
91,,,,,学校での生活に満足していた,,,,,,,,,,,,,,,,,,,,,
92,,,,,昨年度の授業,,,,,,,,,,,,,,,,,,,,,
94,86,〇,〇,国語ALの実施,理由をつけて発表したり書いたりできる,1,(44),,,1,(39),,,1,(41),,,,,q89,（４４）,,（３９）,,（４１）,
95,87,〇,〇,国語ALの実施,授業のまとめを先生が見る,1,(45),,,1,(40),,,1,(42),,,,,q90,（４５）,,（４０）,,（４２）,
96,88,〇,〇,国語ALの実施,ドリルをする【逆転項目】,1,(46),,,1,(41),,,1,(43),,,,,q91,（４６）,,（４１）,,（４３）,
97,89,〇,〇,国語ALの実施,考えを出し合って解決する,1,(47),,,1,(42),,,1,(44),,,,,q92,（４７）,,（４２）,,（４４）,
98,90,〇,〇,国語ALの実施,いろいろな考えを発表する,1,(48),,,1,(43),,,1,(45),,,,,q93,（４８）,,（４３）,,（４５）,
99,91,〇,〇,国語ALの実施,授業の始めに解決方法を考える,1,(49),,,1,(44),,,1,(46),,,,,q94,（４９）,,（４４）,,（４６）,
100,92,〇,〇,国語ALの実施,授業の最後に次時の疑問が浮かぶ,1,(50),,,1,(45),,,1,(47),,,,,q95,（５０）,,（４５）,,（４７）,
101,93,〇,〇,国語ALの実施,友達の考えを聞いてよくわかる,1,(43),,,1,(38),,,1,(40),,,,,q88,（４３）,,（３８）,,（４０）,
92,,,,,昨年度の授業,,,,,,,,,,,,,,,,,,,,,
93,85,〇,〇,算数ALの実施,習ったことを思い出して解決する,,,1,(56),,,1,(42),,,1,(40),,,q96,,（５６）,,（４２）,,（４０）
94,86,〇,〇,算数ALの実施,理由をつけて発表したり書いたりできる,,,1,(57),,,1,(43),,,1,(41),,,q97,,（５７）,,（４３）,,（４１）
95,87,〇,〇,算数ALの実施,授業のまとめを先生が見る,,,1,(58),,,1,(44),,,1,(42),,,q98,,（５８）,,（４４）,,（４２）
96,88,〇,〇,算数ALの実施,ドリルをする【逆転項目】,,,1,(59),,,1,(45),,,1,(43),,,q99,,（５９）,,（４５）,,（４３）
97,89,〇,〇,算数ALの実施,考えを出し合って解決する,,,1,(60),,,1,(46),,,1,(44),,,q100,,（６０）,,（４６）,,（４４）
98,90,〇,〇,算数ALの実施,いろいろな考えを発表する,,,1,(61),,,1,(47),,,1,(45),,,q101,,（６１）,,（４７）,,（４５）
99,91,〇,〇,算数ALの実施,授業の始めに解決方法を考える,,,1,(62),,,1,(48),,,1,(46),,,q102,,（６２）,,（４８）,,（４６）
100,92,〇,〇,算数ALの実施,授業の最後に次時の疑問が浮かぶ,,,1,(63),,,1,(49),,,1,(47),,,q103,,（６３）,,（４９）,,（４７）
102,94,〇,〇,英語ALの実施,友達との英語の活動で表現できるようになる,,,,,,,,,1,(48),1,(48),,,q104,,,,,（４８）,（４８）
103,95,〇,〇,英語ALの実施,考えや気持ちを英語で聞く話す読む書く,,,,,,,,,1,(49),1,(49),,,q105,,,,,（４９）,（４９）
104,96,〇,〇,英語ALの実施,英語を使った活動で英語を使ってみたくなる,,,,,,,,,1,(50),1,(50),,,q106,,,,,（５０）,（５０）
105,,,,,家での生活,,,,,,,,,,,,,,,,,,,,,
106,97,〇,〇,生活,宿題をしている,1,(51),1,(64),1,(50),1,(50),1,(51),1,(51),,,q107,（５１）,（６４）,（５０）,（５０）,（５１）,（５１）
107,98,〇,〇,生活,家で予習・復習をしている,1,(52),1,(65),1,(51),1,(51),1,(52),1,(52),,,q108,（５２）,（６５）,（５１）,（５１）,（５２）,（５２）
108,99,〇,〇,生活,平日の勉強時間,1,(53),1,(66),1,(52),1,(52),1,(53),1,(53),,,q109,（５３）,（６６）,（５２）,（５２）,（５３）,（５３）
109,100,〇,〇,生活,土日の勉強時間,1,(54),1,(67),1,(53),1,(53),1,(54),1,(54),,,q110,（５４）,（６７）,（５３）,（５３）,（５４）,（５４）
110,101,〇,〇,生活,１週間の塾の時間,1,(55),1,(68),1,(54),1,(54),1,(55),1,(55),,,q111,（５５）,（６８）,（５４）,（５４）,（５５）,（５５）
111,102,〇,〇,生活,１カ月で読む本の量,1,(56),1,(69),1,(55),1,(55),1,(56),1,(56),,,q112,（５６）,（６９）,（５５）,（５５）,（５６）,（５６）
112,103,〇,〇,生活,家にある本の量,1,(57),1,(70),1,(56),1,(56),1,(57),1,(57),,,q113,（５７）,（７０）,（５６）,（５６）,（５７）,（５７）
113,104,〇,〇,生活,平日のゲーム時間,1,(58),1,(71),1,(57),1,(57),1,(58),1,(58),,,q114,（５８）,（７１）,（５７）,（５７）,（５８）,（５８）
114,105,〇,〇,生活,ゲームの約束,1,(59),1,(72),1,(58),1,(58),1,(59),1,(59),,,q115,（５９）,（７２）,（５８）,（５８）,（５９）,（５９）
115,106,〇,〇,生活,平日の携帯時間,1,(60),1,(73),1,(59),1,(59),1,(60),1,(60),,,q116,（６０）,（７３）,（５９）,（５９）,（６０）,（６０）
116,107,〇,〇,生活,携帯の約束,1,(61),1,(74),1,(60),1,(60),1,(61),1,(61),,,q117,（６１）,（７４）,（６０）,（６０）,（６１）,（６１）
117,108,〇,〇,生活,学校の話しを家でする,1,(62),1,(75),1,(61),1,(61),1,(62),1,(62),,,q118,（６２）,（７５）,（６１）,（６１）,（６２）,（６２）
118,109,〇,〇,生活,地域で大人と関わる,1,(63),1,(76),1,(62),1,(62),1,(63),1,(63),,,q119,（６３）,（７６）,（６２）,（６２）,（６３）,（６３）
119,,,,,生活の様子,,,,,,,,,,,,,,,,,,,,,
120,110,〇,〇,３達,登下校時刻を守る,1,(24),1,(37),1,(19),1,(23),1,(21),1,(21),,,q120,（２４）,（３７）,（１９）,（２３）,（２１）,（２１）
121,111,〇,〇,３達,授業開始時刻を守る,1,(25),1,(38),1,(20),1,(24),1,(22),1,(22),,,q121,（２５）,（３８）,（２０）,（２４）,（２２）,（２２）
122,112,〇,〇,３達,脱いだ履物のかかとをそろえる,1,(26),1,(39),1,(21),1,(25),1,(23),1,(23),,,q122,（２６）,（３９）,（２１）,（２５）,（２３）,（２３）
123,113,〇,〇,３達,身の回りの整理整頓ができる,1,(27),1,(40),1,(22),1,(26),1,(24),1,(24),,,q123,（２７）,（４０）,（２２）,（２６）,（２４）,（２４）
124,114,〇,〇,３達,誰に対しても進んであいさつができる,1,(28),1,(41),1,(23),1,(27),1,(25),1,(25),,,q124,（２８）,（４１）,（２３）,（２７）,（２５）,（２５）
125,115,〇,〇,３達,呼ばれたら、はいと返事ができる,1,(29),1,(42),1,(24),1,(28),1,(26),1,(26),,,q125,（２９）,（４２）,（２４）,（２８）,（２６）,（２６）
126,116,〇,〇,３達,正しい言葉遣いができる,1,(30),1,(43),1,(25),1,(29),1,(27),1,(27),,,q126,（３０）,（４３）,（２５）,（２９）,（２７）,（２７）
127,117,〇,〇,３達,やさしい言葉遣いができる,1,(31),1,(44),1,(26),1,(30),1,(28),1,(28),,,q127,（３１）,（４４）,（２６）,（３０）,（２８）,（２８）
128,118,〇,〇,３達,授業準備をして授業に臨める,1,(32),1,(45),1,(27),1,(31),1,(29),1,(29),,,q128,（３２）,（４５）,（２７）,（３１）,（２９）,（２９）
129,119,〇,〇,３達,発表をきく、発表をすることができる,1,(33),1,(46),1,(28),1,(32),1,(30),1,(30),,,q129,（３３）,（４６）,（２８）,（３２）,（３０）,（３０）
130,120,〇,〇,３達,集会で静かにし、姿勢を正すことができる,1,(34),1,(47),1,(29),1,(33),1,(31),1,(31),,,q130,（３４）,（４７）,（２９）,（３３）,（３１）,（３１）
131,121,〇,〇,３達,学校をきれいにすることができる,1,(35),1,(48),1,(30),1,(34),1,(32),1,(32),,,q131,（３５）,（４８）,（３０）,（３４）,（３２）,（３２）
132,,,,,学校での勉強,,,,,,,,,,,,,,,,,,,,,
133,122,〇,×,自己効力感,よい評価をもらえると信じている,,,,,1,(3),,,,,1,(3),,,q47,,,（３）,,,（３）
134,123,〇,×,自己効力感,教科書で一番難しい問題も理解できる,,,,,1,(4),,,,,1,(4),,,q48,,,（４）,,,（４）
135,124,〇,×,自己効力感,基本的な問題は理解できている,,,,,1,(5),,,,,1,(5),,,q49,,,（５）,,,（５）
136,125,〇,×,自己効力感,先生が出す一番難しい問題も理解できる,,,,,1,(6),,,,,1,(6),,,q50,,,（６）,,,（６）
137,126,〇,×,自己効力感,宿題や試験でよい成績がとれる,,,,,1,(7),,,,,1,(7),,,q51,,,（７）,,,（７）
138,127,〇,×,自己効力感,よい成績をとれる,,,,,1,(8),,,,,1,(8),,,q52,,,（８）,,,（８）
139,128,〇,×,自己効力感,学習内容を使いこなせる,,,,,1,(9),,,,,1,(9),,,q53,,,（９）,,,（９）
140,129,〇,×,自己効力感,授業でよくやっている,,,,,1,(10),,,,,1,(10),,,q54,,,（１０）,,,（１０）
141,,,,,教科に関する調査,,,,,,,,,,,,,,,,,,,,,
142,,,,,国語の調査時間はあまった（十分だった）,,,,,,,,,,,,,,,,,,,,,
143,,,,,国語の調査内容はやさしかった,,,,,,,,,,,,,,,,,,,,,
144,,,,,算数・数学の調査時間はあまった（十分だった）,,,,,,,,,,,,,,,,,,,,,
145,,,,,算数・数学の調査内容はやさしかった,,,,,,,,,,,,,,,,,,,,,
146,,,,,英語の調査時間はあまった（十分だった）,,,,,,,,,,,,,,,,,,,,,
147,,,,,英語の調査内容はやさしかった,,,,,,,,,,,,,,,,,,,,,
148,,,,,あなた自身,,,,,,,,,,,,,,,,,,,,,
149,130,×,×,,生まれた月,1,(64),1,(77),1,(63),1,(63),1,(64),1,(64),,,q138,（６４）,（７７）,（６３）,（６３）,（６４）,（６４）
150,131,〇,〇,,調査実施科目でどれが好きか,1,(65),1,(78),1,(64),1,(64),1,(65),1,(65),,,q212,（６５）,（７８）,（６４）,（６４）,（６５）,（６５）
151,,,,,算数に対する学習意欲,,,,,,,,,,,,,,,,,,,,,
152,132,〇,×,数学的リテラシー,算数についての本を読むのが好き,,,1,(3),1,(46),,,,,,,,,q238,,（３）,（４６）,,,
153,133,〇,×,数学的リテラシー,つきたい仕事に役立ちそうだから、算数はがんばるかちがある,,,1,(4),,,,,,,,,,,q242,,（４）,,,,
154,134,〇,×,数学的リテラシー,算数の授業が楽しみ,,,1,(5),1,(47),,,,,,,,,q239,,（５）,（４７）,,,
155,135,〇,×,数学的リテラシー,算数の勉強をするのは楽しいから,,,1,(6),1,(48),,,,,,,,,q240,,（６）,（４８）,,,
156,136,〇,×,数学的リテラシー,仕事の可能性を広げてくれるから、算数は学びがいがある,,,1,(7),,,,,,,,,,,q243,,（７）,,,,
157,137,〇,×,数学的リテラシー,算数で学ぶ内容に興味がある,,,1,(8),1,(49),,,,,,,,,q241,,（８）,（４９）,,,
158,138,〇,×,数学的リテラシー,算数が大事な科目なのは、勉強したいことに必要だから,,,1,(9),,,,,,,,,,,q244,,（９）,,,,
159,139,〇,×,数学的リテラシー,算数でたくさんのことを学んで、仕事につくときに役立てたい,,,1,(10),,,,,,,,,,,q245,,（１０）,,,,
160,140,〇,×,数学的リテラシー,算数の授業についていけないのではないかとよく心配になる【逆転項目】,,,1,(11),,,,,,,,,,,q246,,（１１）,,,,
161,141,〇,×,数学的リテラシー,算数はまったくとくいではない【逆転項目】,,,1,(12),,,,,,,,,,,q247,,（１２）,,,,
162,142,〇,×,数学的リテラシー,算数の宿題をやるとなると、とても気が重くなる【逆転項目】,,,1,(13),,,,,,,,,,,q248,,（１３）,,,,
163,143,〇,×,数学的リテラシー,算数ではよいせいせきをとっている,,,1,(14),,,,,,,,,,,q249,,（１４）,,,,
164,144,〇,×,数学的リテラシー,算数の問題をやっているとイライラする【逆転項目】,,,1,(15),,,,,,,,,,,q250,,（１５）,,,,
165,145,〇,×,数学的リテラシー,算数はすぐわかる,,,1,(16),,,,,,,,,,,q251,,（１６）,,,,
166,146,〇,×,数学的リテラシー,算数はとくい科目の一つだといつも思う,,,1,(17),,,,,,,,,,,q252,,（１７）,,,,
167,147,〇,×,数学的リテラシー,算数の問題をとくとき、手も足も出ないと感じる【逆転項目】,,,1,(18),,,,,,,,,,,q253,,（１８）,,,,
168,148,〇,×,数学的リテラシー,算数のじゅ業ではどんなむずかしい問題も理かいできる,,,1,(19),,,,,,,,,,,q254,,（１９）,,,,
169,149,〇,×,数学的リテラシー,算数でひどいせいせきをとるのではないかと心配になる【逆転項目】,,,1,(20),,,,,,,,,,,q255,,（２０）,,,,
170,,,,,経験、行動、考え,,,,,,,,,,,,,,,,,,,,,
171,150,×,×,批判的思考,いろいろな考えかたの人と接して、多くのことを学びたい【逆転項目】,,,,,,,,,,,,,,,,,,,,,
172,151,×,×,批判的思考,新しいことをつぎつぎと学びたい【逆転項目】,,,,,,,,,,,,,,,,,,,,,
173,152,×,×,批判的思考,人の意見を聞いたり本を読んだりするときは、事実か、意見かを区別する【逆転項目】,,,,,,,,,,,,,,,,,,,,,
174,153,×,×,批判的思考,２つの考えのうちどちらかに決めるときには、できるだけ多くの証拠を調べる【逆転項目】,,,,,,,,,,,,,,,,,,,,,
175,154,×,×,批判的思考,はっきりとした理由を考えて自分の行動を決める。【逆転項目】,,,,,,,,,,,,,,,,,,,,,
176,155,×,×,批判的思考,思い込みで判断しないようにいつも気をつけている【逆転項目】,,,,,,,,,,,,,,,,,,,,,
177,156,×,×,批判的思考,一つ二つの立場だけではなく、できるだけ多くの立場から考えようとする【逆転項目】,,,,,,,,,,,,,,,,,,,,,
178,157,×,×,批判的思考,話し合いをするときは、自分の意見と他の人の意見をくらべる【逆転項目】,,,,,,,,,,,,,,,,,,,,,
179,158,×,×,批判的思考,他の人も納得できるように、理由をつけて説明をしようとする【逆転項目】,,,,,,,,,,,,,,,,,,,,,
180,159,×,×,批判的思考,他の人の考えを自分の言葉でまとめてみる【逆転項目】,,,,,,,,,,,,,,,,,,,,,
181,160,×,×,批判的思考,授業では積極的に質問をする【逆転項目】,,,,,,,,,,,,,,,,,,,,,
182,161,×,×,批判的思考,授業の前に、前回の授業のまとめができるか自分でチェックする【逆転項目】,,,,,,,,,,,,,,,,,,,,,
183,162,×,×,批判的思考,前の授業で学んだことが、その日の授業でどのように使われているかを考える【逆転項目】,,,,,,,,,,,,,,,,,,,,,
184,163,×,×,批判的思考,その日の授業で何が大切なことかを考えながら授業を聞く【逆転項目】,,,,,,,,,,,,,,,,,,,,,
185,164,×,×,批判的思考,意見を聞くときは、話におかしなところがないか考えながら聞く【逆転項目】,,,,,,,,,,,,,,,,,,,,,
186,165,×,×,批判的思考,意見を聞くときは、話している人の思い込みが入っていないか考えながら聞く【逆転項目】,,,,,,,,,,,,,,,,,,,,,
187,166,×,×,批判的思考,授業で学んだことを、日常の生活や社会の問題にあてはめて考えてみる【逆転項目】,,,,,,,,,,,,,,,,,,,,,
188,167,×,×,批判的思考,授業で学んだことを使って、自分なりに新しいことを考えてみる【逆転項目】,,,,,,,,,,,,,,,,,,,,,
189,168,×,×,批判的思考,授業で学んだことのなかで大事なことを、自分の言葉でまとめてみる【逆転項目】,,,,,,,,,,,,,,,,,,,,,
190,169,×,×,批判的思考,授業で関心を持ったことについて、自分で本や資料集を調べてみる【逆転項目】,,,,,,,,,,,,,,,,,,,,,
190,,,,,,91,,104,,90,,90,,97,,97,,,,,,,,,,
,,,,,,,,,,,,,,,,,,,,,,,,,,
,,,,,,,該当項目が不明の設問,,該当項目が不明の設問,,,,,,,,,,,,,,,,,
,,,,,,,3⃣(4)(7)(9)(10)～(20),,3⃣(3)～(22),,,,,,,,,,,,,,,,,
,,,,,,,,,,,,,,,,,,,,,,,,,,
