,,,,,2019小学校,,,,,,,,,,,,,,,,
,,,,,2019小学校!AN:AN,,,,,,,,,41,42,43,44,45,46,47,48
key1,key2,school_type,year,adhoc_key2,qes_final,adhoc_year_target,adhoc_year_answer,adhoc_grade,adhoc_subject,adhoc_category,adhoc_explanation1,adhoc_explanation2,adhoc_answer,year_target,year_answer,grade,subject,category,explanation1,explanation2,answer
質問1,問1.1,小学校,2019,,4,,,,,,,,,2018,2019,all,,0,１　昨年度（平成３０年度）の学校について、当てはまるものを選んでください。※（１）のみ平成３１年度の状況を回答,３１年度の全校児童数（調査日現在）,
質問2,問1.2,小学校,2019,,5,,,,,,,,,2018,2019,all,,0,１　昨年度（平成３０年度）の学校について、当てはまるものを選んでください。※（１）のみ平成３１年度の状況を回答,クラス替えは、毎年実施していますか。,毎年実施している;隔年で実施している;実施していない;その他
質問3,問1.2　記述,小学校,2019,,6,,,,,,,,,2018,2019,all,,0,１　昨年度（平成３０年度）の学校について、当てはまるものを選んでください。※（１）のみ平成３１年度の状況を回答,クラス替えは、毎年実施していますか。**,その他を選んだ場合は記述してください
質問4,問1.2.ア,小学校,2019,,7,,,1,,,,,,2018,2019,1,,0,１　昨年度（平成３０年度）の学校について、当てはまるものを選んでください。※（１）のみ平成３１年度の状況を回答,平成３０年度の１年生のクラスを、どのように決めましたか。,児童の氏名（五十音順など）からランダムに振り分け;各学級の学力が同じようになるように振り分け;児童の氏名（五十音順など）からランダムに振り分けるとともに、配慮を要する児童や児童同士の人間関係などの申し送り事項を考慮して一部調整;各学級の学力が同じようになるように振り分けるとともに、配慮を要する児童や児童同士の人間関係など申し送り事項を考慮して一部調整;実施していない;その他
質問5,問1.2.ア　記述,小学校,2019,,8,,,1,,,,,,2018,2019,1,,0,１　昨年度（平成３０年度）の学校について、当てはまるものを選んでください。※（１）のみ平成３１年度の状況を回答,平成３０年度の１年生のクラスを、どのように決めましたか。**,その他を選んだ場合は記述してください
質問6,問1.2.イ,小学校,2019,,9,,,2,,,,,,2018,2019,2,,0,１　昨年度（平成３０年度）の学校について、当てはまるものを選んでください。※（１）のみ平成３１年度の状況を回答,平成３０年度の２年生のクラスを、どのように決めましたか。,児童の氏名（五十音順など）からランダムに振り分け;各学級の学力が同じようになるように振り分け;児童の氏名（五十音順など）からランダムに振り分けるとともに、配慮を要する児童や児童同士の人間関係などの申し送り事項を考慮して一部調整;各学級の学力が同じようになるように振り分けるとともに、配慮を要する児童や児童同士の人間関係など申し送り事項を考慮して一部調整;実施していない;その他
質問7,問1.2.イ　記述,小学校,2019,,10,,,2,,,,,,2018,2019,2,,0,１　昨年度（平成３０年度）の学校について、当てはまるものを選んでください。※（１）のみ平成３１年度の状況を回答,平成３０年度の２年生のクラスを、どのように決めましたか。**,その他を選んだ場合は記述してください
質問8,問1.2.ウ,小学校,2019,,11,,,3,,,,,,2018,2019,3,,0,１　昨年度（平成３０年度）の学校について、当てはまるものを選んでください。※（１）のみ平成３１年度の状況を回答,平成３０年度の３年生のクラスを、どのように決めましたか。,児童の氏名（五十音順など）からランダムに振り分け;各学級の学力が同じようになるように振り分け;児童の氏名（五十音順など）からランダムに振り分けるとともに、配慮を要する児童や児童同士の人間関係などの申し送り事項を考慮して一部調整;各学級の学力が同じようになるように振り分けるとともに、配慮を要する児童や児童同士の人間関係など申し送り事項を考慮して一部調整;実施していない;その他
質問9,問1.2.ウ　記述,小学校,2019,,12,,,3,,,,,,2018,2019,3,,0,１　昨年度（平成３０年度）の学校について、当てはまるものを選んでください。※（１）のみ平成３１年度の状況を回答,平成３０年度の３年生のクラスを、どのように決めましたか。**,その他を選んだ場合は記述してください
質問10,問1.2.エ,小学校,2019,,13,,,4,,,,,,2018,2019,4,,0,１　昨年度（平成３０年度）の学校について、当てはまるものを選んでください。※（１）のみ平成３１年度の状況を回答,平成３０年度の４年生のクラスを、どのように決めましたか。,児童の氏名（五十音順など）からランダムに振り分け;各学級の学力が同じようになるように振り分け;児童の氏名（五十音順など）からランダムに振り分けるとともに、配慮を要する児童や児童同士の人間関係などの申し送り事項を考慮して一部調整;各学級の学力が同じようになるように振り分けるとともに、配慮を要する児童や児童同士の人間関係など申し送り事項を考慮して一部調整;実施していない;その他
質問11,問1.2.エ　記述,小学校,2019,,14,,,4,,,,,,2018,2019,4,,0,１　昨年度（平成３０年度）の学校について、当てはまるものを選んでください。※（１）のみ平成３１年度の状況を回答,平成３０年度の４年生のクラスを、どのように決めましたか。**,その他を選んだ場合は記述してください
質問12,問1.2.オ,小学校,2019,,15,,,5,,,,,,2018,2019,5,,0,１　昨年度（平成３０年度）の学校について、当てはまるものを選んでください。※（１）のみ平成３１年度の状況を回答,平成３０年度の５年生のクラスを、どのように決めましたか。,児童の氏名（五十音順など）からランダムに振り分け;各学級の学力が同じようになるように振り分け;児童の氏名（五十音順など）からランダムに振り分けるとともに、配慮を要する児童や児童同士の人間関係などの申し送り事項を考慮して一部調整;各学級の学力が同じようになるように振り分けるとともに、配慮を要する児童や児童同士の人間関係など申し送り事項を考慮して一部調整;実施していない;その他
質問13,問1.2.オ　記述,小学校,2019,,16,,,5,,,,,,2018,2019,5,,0,１　昨年度（平成３０年度）の学校について、当てはまるものを選んでください。※（１）のみ平成３１年度の状況を回答,平成３０年度の５年生のクラスを、どのように決めましたか。**,その他を選んだ場合は記述してください
質問14,問1.2.カ,小学校,2019,,17,,,6,,,,,,2018,2019,6,,0,１　昨年度（平成３０年度）の学校について、当てはまるものを選んでください。※（１）のみ平成３１年度の状況を回答,平成３０年度の６年生のクラスを、どのように決めましたか。,児童の氏名（五十音順など）からランダムに振り分け;各学級の学力が同じようになるように振り分け;児童の氏名（五十音順など）からランダムに振り分けるとともに、配慮を要する児童や児童同士の人間関係などの申し送り事項を考慮して一部調整;各学級の学力が同じようになるように振り分けるとともに、配慮を要する児童や児童同士の人間関係など申し送り事項を考慮して一部調整;実施していない;その他
質問15,問1.2カ　記述,小学校,2019,,18,,,6,,,,,,2018,2019,6,,0,１　昨年度（平成３０年度）の学校について、当てはまるものを選んでください。※（１）のみ平成３１年度の状況を回答,平成３０年度の６年生のクラスを、どのように決めましたか。**,その他を選んだ場合は記述してください
質問16,問1.3.ア 1年-国語,小学校,2019,,20,,,1,国語,,,いわゆる教科担任制を実施していた場合は１を、実施していなかった場合は０を入力してください（全てに回答してください）,,2018,2019,1,国語,0,１　昨年度（平成３０年度）の学校について、当てはまるものを選んでください。※（１）のみ平成３１年度の状況を回答,いわゆる教科担任制を実施していた場合は１を、実施していなかった場合は０を入力してください（全てに回答してください）,
質問17,問1.3.ア 1年-算数,小学校,2019,,20,,,1,算数,,,いわゆる教科担任制を実施していた場合は１を、実施していなかった場合は０を入力してください（全てに回答してください）,,2018,2019,1,算数,0,１　昨年度（平成３０年度）の学校について、当てはまるものを選んでください。※（１）のみ平成３１年度の状況を回答,いわゆる教科担任制を実施していた場合は１を、実施していなかった場合は０を入力してください（全てに回答してください）,
質問18,問1.3.ア 1年-生活,小学校,2019,,20,,,1,生活,,,いわゆる教科担任制を実施していた場合は１を、実施していなかった場合は０を入力してください（全てに回答してください）,,2018,2019,1,生活,0,１　昨年度（平成３０年度）の学校について、当てはまるものを選んでください。※（１）のみ平成３１年度の状況を回答,いわゆる教科担任制を実施していた場合は１を、実施していなかった場合は０を入力してください（全てに回答してください）,
質問19,問1.3.ア 1年-音楽,小学校,2019,,20,,,1,音楽,,,いわゆる教科担任制を実施していた場合は１を、実施していなかった場合は０を入力してください（全てに回答してください）,,2018,2019,1,音楽,0,１　昨年度（平成３０年度）の学校について、当てはまるものを選んでください。※（１）のみ平成３１年度の状況を回答,いわゆる教科担任制を実施していた場合は１を、実施していなかった場合は０を入力してください（全てに回答してください）,
質問20,問1.3.ア 1年-図画工作,小学校,2019,,20,,,1,図画工作,,,いわゆる教科担任制を実施していた場合は１を、実施していなかった場合は０を入力してください（全てに回答してください）,,2018,2019,1,図画工作,0,１　昨年度（平成３０年度）の学校について、当てはまるものを選んでください。※（１）のみ平成３１年度の状況を回答,いわゆる教科担任制を実施していた場合は１を、実施していなかった場合は０を入力してください（全てに回答してください）,
質問21,問1.3.ア 1年-体育,小学校,2019,,20,,,1,体育,,,いわゆる教科担任制を実施していた場合は１を、実施していなかった場合は０を入力してください（全てに回答してください）,,2018,2019,1,体育,0,１　昨年度（平成３０年度）の学校について、当てはまるものを選んでください。※（１）のみ平成３１年度の状況を回答,いわゆる教科担任制を実施していた場合は１を、実施していなかった場合は０を入力してください（全てに回答してください）,
質問22,問1.3.イ 2年-国語,小学校,2019,,21,,,2,国語,,,いわゆる教科担任制を実施していた場合は１を、実施していなかった場合は０を入力してください（全てに回答してください）,,2018,2019,2,国語,0,１　昨年度（平成３０年度）の学校について、当てはまるものを選んでください。※（１）のみ平成３１年度の状況を回答,いわゆる教科担任制を実施していた場合は１を、実施していなかった場合は０を入力してください（全てに回答してください）,
質問23,問1.3.イ 2年-算数,小学校,2019,,21,,,2,算数,,,いわゆる教科担任制を実施していた場合は１を、実施していなかった場合は０を入力してください（全てに回答してください）,,2018,2019,2,算数,0,１　昨年度（平成３０年度）の学校について、当てはまるものを選んでください。※（１）のみ平成３１年度の状況を回答,いわゆる教科担任制を実施していた場合は１を、実施していなかった場合は０を入力してください（全てに回答してください）,
質問24,問1.3.イ 2年-生活,小学校,2019,,21,,,2,生活,,,いわゆる教科担任制を実施していた場合は１を、実施していなかった場合は０を入力してください（全てに回答してください）,,2018,2019,2,生活,0,１　昨年度（平成３０年度）の学校について、当てはまるものを選んでください。※（１）のみ平成３１年度の状況を回答,いわゆる教科担任制を実施していた場合は１を、実施していなかった場合は０を入力してください（全てに回答してください）,
質問25,問1.3.イ 2年-音楽,小学校,2019,,21,,,2,音楽,,,いわゆる教科担任制を実施していた場合は１を、実施していなかった場合は０を入力してください（全てに回答してください）,,2018,2019,2,音楽,0,１　昨年度（平成３０年度）の学校について、当てはまるものを選んでください。※（１）のみ平成３１年度の状況を回答,いわゆる教科担任制を実施していた場合は１を、実施していなかった場合は０を入力してください（全てに回答してください）,
質問26,問1.3.イ 2年-図画工作,小学校,2019,,21,,,2,図画工作,,,いわゆる教科担任制を実施していた場合は１を、実施していなかった場合は０を入力してください（全てに回答してください）,,2018,2019,2,図画工作,0,１　昨年度（平成３０年度）の学校について、当てはまるものを選んでください。※（１）のみ平成３１年度の状況を回答,いわゆる教科担任制を実施していた場合は１を、実施していなかった場合は０を入力してください（全てに回答してください）,
質問27,問1.3.イ 2年-体育,小学校,2019,,21,,,2,体育,,,いわゆる教科担任制を実施していた場合は１を、実施していなかった場合は０を入力してください（全てに回答してください）,,2018,2019,2,体育,0,１　昨年度（平成３０年度）の学校について、当てはまるものを選んでください。※（１）のみ平成３１年度の状況を回答,いわゆる教科担任制を実施していた場合は１を、実施していなかった場合は０を入力してください（全てに回答してください）,
質問28,問1.3.ウ 3年-国語,小学校,2019,,22,,,3,国語,,,いわゆる教科担任制を実施していた場合は１を、実施していなかった場合は０を入力してください（全てに回答してください）,,2018,2019,3,国語,0,１　昨年度（平成３０年度）の学校について、当てはまるものを選んでください。※（１）のみ平成３１年度の状況を回答,いわゆる教科担任制を実施していた場合は１を、実施していなかった場合は０を入力してください（全てに回答してください）,
質問29,問1.3.ウ 3年-社会,小学校,2019,,22,,,3,社会,,,いわゆる教科担任制を実施していた場合は１を、実施していなかった場合は０を入力してください（全てに回答してください）,,2018,2019,3,社会,0,１　昨年度（平成３０年度）の学校について、当てはまるものを選んでください。※（１）のみ平成３１年度の状況を回答,いわゆる教科担任制を実施していた場合は１を、実施していなかった場合は０を入力してください（全てに回答してください）,
質問30,問1.3.ウ 3年-算数,小学校,2019,,22,,,3,算数,,,いわゆる教科担任制を実施していた場合は１を、実施していなかった場合は０を入力してください（全てに回答してください）,,2018,2019,3,算数,0,１　昨年度（平成３０年度）の学校について、当てはまるものを選んでください。※（１）のみ平成３１年度の状況を回答,いわゆる教科担任制を実施していた場合は１を、実施していなかった場合は０を入力してください（全てに回答してください）,
質問31,問1.3.ウ 3年-理科,小学校,2019,,22,,,3,理科,,,いわゆる教科担任制を実施していた場合は１を、実施していなかった場合は０を入力してください（全てに回答してください）,,2018,2019,3,理科,0,１　昨年度（平成３０年度）の学校について、当てはまるものを選んでください。※（１）のみ平成３１年度の状況を回答,いわゆる教科担任制を実施していた場合は１を、実施していなかった場合は０を入力してください（全てに回答してください）,
質問32,問1.3.ウ 3年-音楽,小学校,2019,,22,,,3,音楽,,,いわゆる教科担任制を実施していた場合は１を、実施していなかった場合は０を入力してください（全てに回答してください）,,2018,2019,3,音楽,0,１　昨年度（平成３０年度）の学校について、当てはまるものを選んでください。※（１）のみ平成３１年度の状況を回答,いわゆる教科担任制を実施していた場合は１を、実施していなかった場合は０を入力してください（全てに回答してください）,
質問33,問1.3.ウ 3年-図画工作,小学校,2019,,22,,,3,図画工作,,,いわゆる教科担任制を実施していた場合は１を、実施していなかった場合は０を入力してください（全てに回答してください）,,2018,2019,3,図画工作,0,１　昨年度（平成３０年度）の学校について、当てはまるものを選んでください。※（１）のみ平成３１年度の状況を回答,いわゆる教科担任制を実施していた場合は１を、実施していなかった場合は０を入力してください（全てに回答してください）,
質問34,問1.3.ウ 3年-体育,小学校,2019,,22,,,3,体育,,,いわゆる教科担任制を実施していた場合は１を、実施していなかった場合は０を入力してください（全てに回答してください）,,2018,2019,3,体育,0,１　昨年度（平成３０年度）の学校について、当てはまるものを選んでください。※（１）のみ平成３１年度の状況を回答,いわゆる教科担任制を実施していた場合は１を、実施していなかった場合は０を入力してください（全てに回答してください）,
質問35,問1.3.エ 4年-国語,小学校,2019,,23,,,4,国語,,,いわゆる教科担任制を実施していた場合は１を、実施していなかった場合は０を入力してください（全てに回答してください）,,2018,2019,4,国語,0,１　昨年度（平成３０年度）の学校について、当てはまるものを選んでください。※（１）のみ平成３１年度の状況を回答,いわゆる教科担任制を実施していた場合は１を、実施していなかった場合は０を入力してください（全てに回答してください）,
質問36,問1.3.エ 4年-社会,小学校,2019,,23,,,4,社会,,,いわゆる教科担任制を実施していた場合は１を、実施していなかった場合は０を入力してください（全てに回答してください）,,2018,2019,4,社会,0,１　昨年度（平成３０年度）の学校について、当てはまるものを選んでください。※（１）のみ平成３１年度の状況を回答,いわゆる教科担任制を実施していた場合は１を、実施していなかった場合は０を入力してください（全てに回答してください）,
質問37,問1.3.エ 4年-算数,小学校,2019,,23,,,4,算数,,,いわゆる教科担任制を実施していた場合は１を、実施していなかった場合は０を入力してください（全てに回答してください）,,2018,2019,4,算数,0,１　昨年度（平成３０年度）の学校について、当てはまるものを選んでください。※（１）のみ平成３１年度の状況を回答,いわゆる教科担任制を実施していた場合は１を、実施していなかった場合は０を入力してください（全てに回答してください）,
質問38,問1.3.エ 4年-理科,小学校,2019,,23,,,4,理科,,,いわゆる教科担任制を実施していた場合は１を、実施していなかった場合は０を入力してください（全てに回答してください）,,2018,2019,4,理科,0,１　昨年度（平成３０年度）の学校について、当てはまるものを選んでください。※（１）のみ平成３１年度の状況を回答,いわゆる教科担任制を実施していた場合は１を、実施していなかった場合は０を入力してください（全てに回答してください）,
質問39,問1.3.エ 4年-音楽,小学校,2019,,23,,,4,音楽,,,いわゆる教科担任制を実施していた場合は１を、実施していなかった場合は０を入力してください（全てに回答してください）,,2018,2019,4,音楽,0,１　昨年度（平成３０年度）の学校について、当てはまるものを選んでください。※（１）のみ平成３１年度の状況を回答,いわゆる教科担任制を実施していた場合は１を、実施していなかった場合は０を入力してください（全てに回答してください）,
質問40,問1.3.エ 4年-図画工作,小学校,2019,,23,,,4,図画工作,,,いわゆる教科担任制を実施していた場合は１を、実施していなかった場合は０を入力してください（全てに回答してください）,,2018,2019,4,図画工作,0,１　昨年度（平成３０年度）の学校について、当てはまるものを選んでください。※（１）のみ平成３１年度の状況を回答,いわゆる教科担任制を実施していた場合は１を、実施していなかった場合は０を入力してください（全てに回答してください）,
質問41,問1.3.エ 4年-体育,小学校,2019,,23,,,4,体育,,,いわゆる教科担任制を実施していた場合は１を、実施していなかった場合は０を入力してください（全てに回答してください）,,2018,2019,4,体育,0,１　昨年度（平成３０年度）の学校について、当てはまるものを選んでください。※（１）のみ平成３１年度の状況を回答,いわゆる教科担任制を実施していた場合は１を、実施していなかった場合は０を入力してください（全てに回答してください）,
質問42,問1.3.オ 5年-国語,小学校,2019,,24,,,5,国語,,,いわゆる教科担任制を実施していた場合は１を、実施していなかった場合は０を入力してください（全てに回答してください）,,2018,2019,5,国語,0,１　昨年度（平成３０年度）の学校について、当てはまるものを選んでください。※（１）のみ平成３１年度の状況を回答,いわゆる教科担任制を実施していた場合は１を、実施していなかった場合は０を入力してください（全てに回答してください）,
質問43,問1.3.オ 5年-社会,小学校,2019,,24,,,5,社会,,,いわゆる教科担任制を実施していた場合は１を、実施していなかった場合は０を入力してください（全てに回答してください）,,2018,2019,5,社会,0,１　昨年度（平成３０年度）の学校について、当てはまるものを選んでください。※（１）のみ平成３１年度の状況を回答,いわゆる教科担任制を実施していた場合は１を、実施していなかった場合は０を入力してください（全てに回答してください）,
質問44,問1.3.オ 5年-算数,小学校,2019,,24,,,5,算数,,,いわゆる教科担任制を実施していた場合は１を、実施していなかった場合は０を入力してください（全てに回答してください）,,2018,2019,5,算数,0,１　昨年度（平成３０年度）の学校について、当てはまるものを選んでください。※（１）のみ平成３１年度の状況を回答,いわゆる教科担任制を実施していた場合は１を、実施していなかった場合は０を入力してください（全てに回答してください）,
質問45,問1.3.オ 5年-理科,小学校,2019,,24,,,5,理科,,,いわゆる教科担任制を実施していた場合は１を、実施していなかった場合は０を入力してください（全てに回答してください）,,2018,2019,5,理科,0,１　昨年度（平成３０年度）の学校について、当てはまるものを選んでください。※（１）のみ平成３１年度の状況を回答,いわゆる教科担任制を実施していた場合は１を、実施していなかった場合は０を入力してください（全てに回答してください）,
質問46,問1.3.オ 5年-音楽,小学校,2019,,24,,,5,音楽,,,いわゆる教科担任制を実施していた場合は１を、実施していなかった場合は０を入力してください（全てに回答してください）,,2018,2019,5,音楽,0,１　昨年度（平成３０年度）の学校について、当てはまるものを選んでください。※（１）のみ平成３１年度の状況を回答,いわゆる教科担任制を実施していた場合は１を、実施していなかった場合は０を入力してください（全てに回答してください）,
質問47,問1.3.オ 5年-図画工作,小学校,2019,,24,,,5,図画工作,,,いわゆる教科担任制を実施していた場合は１を、実施していなかった場合は０を入力してください（全てに回答してください）,,2018,2019,5,図画工作,0,１　昨年度（平成３０年度）の学校について、当てはまるものを選んでください。※（１）のみ平成３１年度の状況を回答,いわゆる教科担任制を実施していた場合は１を、実施していなかった場合は０を入力してください（全てに回答してください）,
質問48,問1.3.オ 5年-体育,小学校,2019,,24,,,5,体育,,,いわゆる教科担任制を実施していた場合は１を、実施していなかった場合は０を入力してください（全てに回答してください）,,2018,2019,5,体育,0,１　昨年度（平成３０年度）の学校について、当てはまるものを選んでください。※（１）のみ平成３１年度の状況を回答,いわゆる教科担任制を実施していた場合は１を、実施していなかった場合は０を入力してください（全てに回答してください）,
質問49,問1.3.オ 5年-家庭,小学校,2019,,24,,,5,家庭,,,いわゆる教科担任制を実施していた場合は１を、実施していなかった場合は０を入力してください（全てに回答してください）,,2018,2019,5,家庭,0,１　昨年度（平成３０年度）の学校について、当てはまるものを選んでください。※（１）のみ平成３１年度の状況を回答,いわゆる教科担任制を実施していた場合は１を、実施していなかった場合は０を入力してください（全てに回答してください）,
質問50,問1.3.オ 5年-外国語活動,小学校,2019,,24,,,5,外国語活動,,,いわゆる教科担任制を実施していた場合は１を、実施していなかった場合は０を入力してください（全てに回答してください）,,2018,2019,5,外国語活動,0,１　昨年度（平成３０年度）の学校について、当てはまるものを選んでください。※（１）のみ平成３１年度の状況を回答,いわゆる教科担任制を実施していた場合は１を、実施していなかった場合は０を入力してください（全てに回答してください）,
質問51,問1.3.カ 6年-国語,小学校,2019,,25,,,6,国語,,,いわゆる教科担任制を実施していた場合は１を、実施していなかった場合は０を入力してください（全てに回答してください）,,2018,2019,6,国語,0,１　昨年度（平成３０年度）の学校について、当てはまるものを選んでください。※（１）のみ平成３１年度の状況を回答,いわゆる教科担任制を実施していた場合は１を、実施していなかった場合は０を入力してください（全てに回答してください）,
質問52,問1.3.カ 6年-社会,小学校,2019,,25,,,6,社会,,,いわゆる教科担任制を実施していた場合は１を、実施していなかった場合は０を入力してください（全てに回答してください）,,2018,2019,6,社会,0,１　昨年度（平成３０年度）の学校について、当てはまるものを選んでください。※（１）のみ平成３１年度の状況を回答,いわゆる教科担任制を実施していた場合は１を、実施していなかった場合は０を入力してください（全てに回答してください）,
質問53,問1.3.カ 6年-算数,小学校,2019,,25,,,6,算数,,,いわゆる教科担任制を実施していた場合は１を、実施していなかった場合は０を入力してください（全てに回答してください）,,2018,2019,6,算数,0,１　昨年度（平成３０年度）の学校について、当てはまるものを選んでください。※（１）のみ平成３１年度の状況を回答,いわゆる教科担任制を実施していた場合は１を、実施していなかった場合は０を入力してください（全てに回答してください）,
質問54,問1.3.カ 6年-理科,小学校,2019,,25,,,6,理科,,,いわゆる教科担任制を実施していた場合は１を、実施していなかった場合は０を入力してください（全てに回答してください）,,2018,2019,6,理科,0,１　昨年度（平成３０年度）の学校について、当てはまるものを選んでください。※（１）のみ平成３１年度の状況を回答,いわゆる教科担任制を実施していた場合は１を、実施していなかった場合は０を入力してください（全てに回答してください）,
質問55,問1.3.カ 6年-音楽,小学校,2019,,25,,,6,音楽,,,いわゆる教科担任制を実施していた場合は１を、実施していなかった場合は０を入力してください（全てに回答してください）,,2018,2019,6,音楽,0,１　昨年度（平成３０年度）の学校について、当てはまるものを選んでください。※（１）のみ平成３１年度の状況を回答,いわゆる教科担任制を実施していた場合は１を、実施していなかった場合は０を入力してください（全てに回答してください）,
質問56,問1.3.カ 6年-図画工作,小学校,2019,,25,,,6,図画工作,,,いわゆる教科担任制を実施していた場合は１を、実施していなかった場合は０を入力してください（全てに回答してください）,,2018,2019,6,図画工作,0,１　昨年度（平成３０年度）の学校について、当てはまるものを選んでください。※（１）のみ平成３１年度の状況を回答,いわゆる教科担任制を実施していた場合は１を、実施していなかった場合は０を入力してください（全てに回答してください）,
質問57,問1.3.カ 6年-体育,小学校,2019,,25,,,6,体育,,,いわゆる教科担任制を実施していた場合は１を、実施していなかった場合は０を入力してください（全てに回答してください）,,2018,2019,6,体育,0,１　昨年度（平成３０年度）の学校について、当てはまるものを選んでください。※（１）のみ平成３１年度の状況を回答,いわゆる教科担任制を実施していた場合は１を、実施していなかった場合は０を入力してください（全てに回答してください）,
質問58,問1.3.カ 6年-家庭,小学校,2019,,25,,,6,家庭,,,いわゆる教科担任制を実施していた場合は１を、実施していなかった場合は０を入力してください（全てに回答してください）,,2018,2019,6,家庭,0,１　昨年度（平成３０年度）の学校について、当てはまるものを選んでください。※（１）のみ平成３１年度の状況を回答,いわゆる教科担任制を実施していた場合は１を、実施していなかった場合は０を入力してください（全てに回答してください）,
質問59,問1.3.カ 6年-外国語活動,小学校,2019,,25,,,6,外国語活動,,,いわゆる教科担任制を実施していた場合は１を、実施していなかった場合は０を入力してください（全てに回答してください）,,2018,2019,6,外国語活動,0,１　昨年度（平成３０年度）の学校について、当てはまるものを選んでください。※（１）のみ平成３１年度の状況を回答,いわゆる教科担任制を実施していた場合は１を、実施していなかった場合は０を入力してください（全てに回答してください）,
質問60,問2.4,小学校,2019,,27,,,,,,,,,2018,2019,all,,0,２　昨年度（平成３０年度）の学力向上に向けた取組について、当てはまるものを選んでください。,児童の学力について、現状把握と分析を行い、課題を把握しましたか,よく行った;どちらかといえば行った;あまり行っていない;全く行っていない
質問61,問2.5,小学校,2019,,28,,,,,,,,,2018,2019,all,,0,２　昨年度（平成３０年度）の学力向上に向けた取組について、当てはまるものを選んでください。,授業改善の必要性について、共通理解を図りましたか,よく図った;どちらかといえば図った;あまり図っていない;全く図っていない
質問62,問2.6,小学校,2019,,29,,,,,,,,,2018,2019,all,,0,２　昨年度（平成３０年度）の学力向上に向けた取組について、当てはまるものを選んでください。,学校の課題を明確化した上で、目標を重点化しましたか,よく行った;どちらかといえば行った;あまり行っていない;全く行っていない
質問63,問2.7,小学校,2019,,30,,,,,,,,,2018,2019,all,,0,２　昨年度（平成３０年度）の学力向上に向けた取組について、当てはまるものを選んでください。,目標達成に向けて、学校の組織的な取組や教職員の具体的な行動が示されていましたか,よく当てはまる;当てはまる;あまり当てはまらない;全く当てはまらない
質問64,問2.8,小学校,2019,,31,,,,,,,,,2018,2019,all,,0,２　昨年度（平成３０年度）の学力向上に向けた取組について、当てはまるものを選んでください。,他校の取組や研究を参考にしていましたか,よく参考にした;どちらかといえば参考にした;あまり参考にしていない;全く参考にしていない
質問65,問2.9,小学校,2019,,32,,,,,,,,,2018,2019,all,,0,２　昨年度（平成３０年度）の学力向上に向けた取組について、当てはまるものを選んでください。,学校の現状・分析・課題等について、教職員の間で話し合う機会を設けましたか,よく設けた;どちらかといえば設けた;あまり設けていなかった;全く設けていなかった
質問66,問2.10,小学校,2019,,33,,,,,,,,,2018,2019,all,,0,２　昨年度（平成３０年度）の学力向上に向けた取組について、当てはまるものを選んでください。,校内で教員同士が授業を見合う機会はありましたか,いつでも見合うことができていた;見合うための期間を設定していた;あまり授業を見合う機会はなかった;授業を見合う機会はなかった
質問67,問2.11,小学校,2019,,34,,,,,,,,,2018,2019,all,,0,２　昨年度（平成３０年度）の学力向上に向けた取組について、当てはまるものを選んでください。,県教育委員会（あるいは教育事務所）が学力向上に関して貴校を訪問する回数はどれくらいありましたか（教育事務所が実施している定例の訪問を除きます） , ３回以上;２回;１回;0回
質問68,問2.12,小学校,2019,,35,,,,,,,,,2018,2019,all,,0,２　昨年度（平成３０年度）の学力向上に向けた取組について、当てはまるものを選んでください。,県教育委員会(あるいは教育事務所)が学力向上に関して貴校を訪問する際に、どのようなことが行われていましたか（教育事務所が実施している定例の訪問を除きます。当てはまるもの全てに回答してください。）,日常授業の参観と助言;研究授業の参観と助言;研究授業後の協議会への参加;校内研修への支援;学力向上に関する講話;師範授業の実施;訪問されていない
質問69,問2.13,小学校,2019,,36,,,,,,,,,2018,2019,all,,0,２　昨年度（平成３０年度）の学力向上に向けた取組について、当てはまるものを選んでください。,"市町村教育委員会が学力向上に関して貴校を訪問する回数はどれくらいありましたか
※該当がない場合は0を入力",回
質問70,問2.14,小学校,2019,,37,,,,,,,,,2018,2019,all,,0,２　昨年度（平成３０年度）の学力向上に向けた取組について、当てはまるものを選んでください。,市町村教育委員会が学力向上に関して貴校を訪問する際に、どのようなことが行われていましたか（当てはまるもの全てに回答してください）,日常授業の参観と助言;研究授業の参観と助言;研究授業後の協議会への参加;校内研修への支援;学力向上に関する講話;師範授業の実施;訪問されていない
質問71,問2.15,小学校,2019,,38,,,,,,,,,2018,2019,all,,0,２　昨年度（平成３０年度）の学力向上に向けた取組について、当てはまるものを選んでください。,教科等を相互に関連付けて思考力・判断力・表現力等を育む指導について、教職員で共通理解を図りましたか,よく図った;どちらかといえば図った;あまり図っていない;全く図っていない
質問72,問3.16,小学校,2019,,40,,,,,,,,,2018,2019,all,,0,３　昨年度（平成３０年度）の教職員の取組について、当てはまるものを選んでください。,学校の教育目標やその達成に向けた方策について、全教職員の間で共有し、取組に当たっていましたか,よく行った;どちらかといえば行った;あまり行っていない;全く行っていない
質問73,問3.17,小学校,2019,,41,,,,,,,,,2018,2019,all,,0,３　昨年度（平成３０年度）の教職員の取組について、当てはまるものを選んでください。,教職員は，授業研究に意欲を持って取り組んでいましたか,よく取り組んだ;どちらかといえば取り組んだ;あまり取り組んでいない;全く取り組んでいない
質問74,問3.18,小学校,2019,,42,,,,,,,,,2018,2019,all,,0,３　昨年度（平成３０年度）の教職員の取組について、当てはまるものを選んでください。,教職員は、校内外の研修や研究会に参加し、その成果を教育活動に積極的に反映させていましたか,よく行った;どちらかといえば行った;あまり行っていない;全く行っていない
質問75,問3.19,小学校,2019,,43,,,,,,,,,2018,2019,all,,0,３　昨年度（平成３０年度）の教職員の取組について、当てはまるものを選んでください。,教職員と児童は、お互いに友好な関係にありましたか,そう思う;どちらかといえば、そう思う;どちらかといえば、そう思わない;そう思わない
質問76,問3.20,小学校,2019,,44,,,,,,,,,2018,2019,all,,0,３　昨年度（平成３０年度）の教職員の取組について、当てはまるものを選んでください。,教職員同士が、お互いに助け合う協力的な雰囲気がありましたか,そう思う;どちらかといえば、そう思う;どちらかといえば、そう思わない;そう思わない
質問77,問3.21,小学校,2019,,45,,,,,,,,,2018,2019,all,,0,３　昨年度（平成３０年度）の教職員の取組について、当てはまるものを選んでください。,教職員は、学校の意思決定に積極的に参加していましたか,積極的に参加していた;どちらかといえば参加していた;あまり、参加していなかった;全く参加していなかった
質問78,問3.22,小学校,2019,,46,,,,,,,,,2018,2019,all,,0,３　昨年度（平成３０年度）の教職員の取組について、当てはまるものを選んでください。,学級・学年運営の状況や課題を全教職員の間で共有し、学校として組織的に取り組みましたか,よく行った;どちらかといえば行った;あまり行っていない;全く行っていない
質問79,問3.23,小学校,2019,,47,,,,,,,,,2018,2019,all,,0,３　昨年度（平成３０年度）の教職員の取組について、当てはまるものを選んでください。,休み時間などの短い時間でも，授業や教育実践に関する話が教員間で交わされていましたか  ,よく行われていた;どちらかといえば行われていた;あまり行われていなかった;全く行われていない
質問80,問3.24,小学校,2019,,48,,,,,,,,,2018,2019,all,,0,３　昨年度（平成３０年度）の教職員の取組について、当てはまるものを選んでください。,児童に対して、自分のよさや成長を実感させるような具体的な活動を行いましたか,よく行った;どちらかといえば行った;あまり行っていない;全く行っていない
質問81,問3.25,小学校,2019,,49,,,,,,,,,2018,2019,all,,0,３　昨年度（平成３０年度）の教職員の取組について、当てはまるものを選んでください。,児童一人一人の悩みの相談にのるなどの個人面談を年間何回行いましたか（臨時の相談等は除きます）,４回以上;３回;２回;１回;行っていない
質問82,問3.26,小学校,2019,,50,,,,,,,,,2018,2019,all,,0,３　昨年度（平成３０年度）の教職員の取組について、当てはまるものを選んでください。,児童に対して、将来就きたい仕事や夢について考えさせるような具体的な活動を行いましたか,よく行った;どちらかといえば行った;あまり行っていない;全く行っていない
質問83,問4.27,小学校,2019,,52,,,,,,,,,2018,2019,all,,0,４　昨年度（平成３０年度）の校内研修・委嘱研究の状況等について、当てはまるものを選んでください。（２８，２９は当てはまるもの全て選んでください）,校内研修を年間何回行いましたか,"１５回以上;１０回から
１４回;５回から９回;１回から４回;行っていない"
質問84,問4.28,小学校,2019,,53,,,,,,,,,2018,2019,all,,0,４　昨年度（平成３０年度）の校内研修・委嘱研究の状況等について、当てはまるものを選んでください。（２８，２９は当てはまるもの全て選んでください）,校内研修について、実施した内容を選んでください（複数回答可）,国語;社会;算数;理科;生活;音楽;図画工作;体育;家庭
質問85,問4.29,小学校,2019,,57,,,,,,,,,2018,2019,all,,0,４　昨年度（平成３０年度）の校内研修・委嘱研究の状況等について、当てはまるものを選んでください。（２８，２９は当てはまるもの全て選んでください）,国、県、市町村からの委嘱研究について、研究した内容を選んでください（複数回答可）,国語;社会;算数;理科;生活;音楽;図画工作;体育;家庭
質問86,問4.30,小学校,2019,,61,,,,,,,,,2018,2019,all,,0,４　昨年度（平成３０年度）の校内研修・委嘱研究の状況等について、当てはまるものを選んでください。（２８，２９は当てはまるもの全て選んでください）,教科の指導内容や指導方法について、近隣の中学校と教職員の合同研修を年間何回行いましたか,４回以上;３回;２回;１回;行っていない
質問87,問4.31,小学校,2019,,62,,,,,,,,,2018,2019,all,,0,４　昨年度（平成３０年度）の校内研修・委嘱研究の状況等について、当てはまるものを選んでください。（２８，２９は当てはまるもの全て選んでください）,研究授業（あるテーマに基づいた授業を他者に見てもらい、意見交換したり助言をもらうもの）をどのくらいの教員が行いましたか,ほぼ全員;２／３程度;半分程度;１／３程度;１，２名程度;行っていない
質問88,問5.32,小学校,2019,,64,,,,,,,,,2018,2019,all,,0,５　昨年度（平成３０年度）の管理職の学校の管理・運営について、当てはまるものを選んでください。,目指す学校像や年度の重点目標等を決めるにあたり、職員会議以外の場で教職員から意見を聴取する機会を設けていましたか,頻繁に設けていた;時々設けていた;あまり設けていなかった;全く設けていなかった
質問89,問5.33,小学校,2019,,65,,,,,,,,,2018,2019,all,,0,５　昨年度（平成３０年度）の管理職の学校の管理・運営について、当てはまるものを選んでください。,教員の授業の様子をどの程度見てまわりましたか,ほぼ毎日;週１回程度;月１回程度;学期に１回程度;半年に１回程度;行っていない
質問90,問5.34,小学校,2019,,66,,,,,,,,,2018,2019,all,,0,５　昨年度（平成３０年度）の管理職の学校の管理・運営について、当てはまるものを選んでください。,授業改善をするために、教員間で話し合うような働きかけをどの程度行いましたか,週１回程度;月１回程度;学期に１回程度;半年に１回程度;行っていない
質問91,問5.35,小学校,2019,,67,,,,,,,,,2018,2019,all,,0,５　昨年度（平成３０年度）の管理職の学校の管理・運営について、当てはまるものを選んでください。,校外での研修の参加を奨励しましたか,積極的に行った;どちらかといえば行った;あまり行っていなかった;全く行っていなかった
質問92,問6.36,小学校,2019,,69,,,,,,,,,2018,2019,3,,0,６　昨年度（平成３０年度）の３年生について、入力または当てはまるものを選んでください。,"児童数（３０年５月１日現在）は何人でしたか
※該当がない場合は0を入力",
質問93,問6.37　２０人以下,小学校,2019,問6.37,70,,,,,,,,,2018,2019,3,,0,６　昨年度（平成３０年度）の３年生について、入力または当てはまるものを選んでください。,"児童数（３０年５月１日現在）別のクラスを答えてください
※回答肢にあてはまるクラス数をそれぞれ数値で入力してください
　例：２０人以下のクラスが2クラスの場合、2と入力
※該当がない場合は0を入力",２０人以下;２１～２５人;２６～３０人;３１～３５人;３６～４０人
質問94,問6.37　２１～２５人,小学校,2019,問6.37,70,,,,,,,,,2018,2019,3,,0,６　昨年度（平成３０年度）の３年生について、入力または当てはまるものを選んでください。,"児童数（３０年５月１日現在）別のクラスを答えてください
※回答肢にあてはまるクラス数をそれぞれ数値で入力してください
　例：２０人以下のクラスが2クラスの場合、2と入力
※該当がない場合は0を入力",２０人以下;２１～２５人;２６～３０人;３１～３５人;３６～４０人
質問95,問6.37　２６～３０人,小学校,2019,問6.37,70,,,,,,,,,2018,2019,3,,0,６　昨年度（平成３０年度）の３年生について、入力または当てはまるものを選んでください。,"児童数（３０年５月１日現在）別のクラスを答えてください
※回答肢にあてはまるクラス数をそれぞれ数値で入力してください
　例：２０人以下のクラスが2クラスの場合、2と入力
※該当がない場合は0を入力",２０人以下;２１～２５人;２６～３０人;３１～３５人;３６～４０人
質問96,問6.37　３１～３５人,小学校,2019,問6.37,70,,,,,,,,,2018,2019,3,,0,６　昨年度（平成３０年度）の３年生について、入力または当てはまるものを選んでください。,"児童数（３０年５月１日現在）別のクラスを答えてください
※回答肢にあてはまるクラス数をそれぞれ数値で入力してください
　例：２０人以下のクラスが2クラスの場合、2と入力
※該当がない場合は0を入力",２０人以下;２１～２５人;２６～３０人;３１～３５人;３６～４０人
質問97,問6.37　３６～４０人,小学校,2019,問6.37,70,,,,,,,,,2018,2019,3,,0,６　昨年度（平成３０年度）の３年生について、入力または当てはまるものを選んでください。,"児童数（３０年５月１日現在）別のクラスを答えてください
※回答肢にあてはまるクラス数をそれぞれ数値で入力してください
　例：２０人以下のクラスが2クラスの場合、2と入力
※該当がない場合は0を入力",２０人以下;２１～２５人;２６～３０人;３１～３５人;３６～４０人
質問98,問6.38,小学校,2019,,71,,,,,,,,,2018,2019,3,,0,６　昨年度（平成３０年度）の３年生について、入力または当てはまるものを選んでください。,日本語指導が必要な児童の人数（３０年５月１日現在）を次から選んでください,０人;１～３人;４～６人;７～９人;１０人以上
質問99,問6.39,小学校,2019,,72,,,,,,,,,2018,2019,3,,0,６　昨年度（平成３０年度）の３年生について、入力または当てはまるものを選んでください。,"就学援助を受けていた児童の人数（３１年３月３１日現在）は何人でしたか
※該当がない場合は0を入力",
質問100,問6.40,小学校,2019,,73,,,,,,,,,2018,2019,3,,0,６　昨年度（平成３０年度）の３年生について、入力または当てはまるものを選んでください。,児童は熱意をもって勉強することができていましたか,できる児童がおおよそ９割以上;できる児童がおおよそ８割以上９割未満;できる児童がおおよそ５割以上８割未満;できる児童がおおよそ５割未満
質問101,問6.41ア,小学校,2019,,75,,,,,,,,,2018,2019,3,,0,６　昨年度（平成３０年度）の３年生について、入力または当てはまるものを選んでください。,遅刻,問題ではなかった;小さな問題だった;中くらいの問題だった;深刻な問題だった
質問102,問6.41イ,小学校,2019,,76,,,,,,,,,2018,2019,3,,0,６　昨年度（平成３０年度）の３年生について、入力または当てはまるものを選んでください。,不登校,問題ではなかった;小さな問題だった;中くらいの問題だった;深刻な問題だった
質問103,問6.41ウ,小学校,2019,,77,,,,,,,,,2018,2019,3,,0,６　昨年度（平成３０年度）の３年生について、入力または当てはまるものを選んでください。,学習規律の確保,問題ではなかった;小さな問題だった;中くらいの問題だった;深刻な問題だった
質問104,問6.41エ,小学校,2019,,78,,,,,,,,,2018,2019,3,,0,６　昨年度（平成３０年度）の３年生について、入力または当てはまるものを選んでください。,暴力行為や児童同士のトラブル,問題ではなかった;小さな問題だった;中くらいの問題だった;深刻な問題だった
質問105,問7.42,小学校,2019,,80,,,,,,,,,2018,2019,3,,0,７　昨年度（平成３０年度）の３年生に対する指導について、当てはまるものを選んでください。（４８，４９は３つまで選んでください）,学力向上や学習の定着等を目的に取り組んできたことについて、次の事項のうち最も重視して取り組んだものとして、当てはまるものを選んでください,朝読書などの一斉読書の時間;学校図書館を活用した授業;ＩＣＴを活用した授業;放課後等を利用した補充的な学習サポート;土曜日等を利用した補充的な学習サポート
質問106,問7.43,小学校,2019,,81,,,,,,,,,2018,2019,3,,0,７　昨年度（平成３０年度）の３年生に対する指導について、当てはまるものを選んでください。（４８，４９は３つまで選んでください）,長期休業日を利用した補充的な学習サポートを実施しましたか（夏休みや冬休み、春休みなどの長期休業日のうち、補充的な学習サポートを実施した日数の累計について、当てはまるものを選んでください）,延べ１３日以上;延べ９日から１２日;延べ５日から８日;１日から延べ４日;行っていない
質問107,問7.44,小学校,2019,,82,,,,,,,,,2018,2019,3,,0,７　昨年度（平成３０年度）の３年生に対する指導について、当てはまるものを選んでください。（４８，４９は３つまで選んでください）,家庭学習の課題（宿題）を計画的に与えましたか,よく行った;どちらかといえば行った;あまり行っていない;全く行っていない
質問108,問7.45,小学校,2019,,83,,,,,,,,,2018,2019,3,,0,７　昨年度（平成３０年度）の３年生に対する指導について、当てはまるものを選んでください。（４８，４９は３つまで選んでください）,与えた家庭学習の課題（長期休業期間中の課題を除きます）についての評価・指導を計画的に行いましたか,よく行った;どちらかといえば行った;あまり行っていない;全く行っていない
質問109,問7.46,小学校,2019,,84,,,,,,,,,2018,2019,3,,0,７　昨年度（平成３０年度）の３年生に対する指導について、当てはまるものを選んでください。（４８，４９は３つまで選んでください）,家庭学習の取組として、調べたり文章を書いたりしてくる課題（宿題）を与えましたか,よく行った;どちらかといえば行った;あまり行っていない;全く行っていない
質問110,問7.47,小学校,2019,,85,,,,,,,,,2018,2019,3,,0,７　昨年度（平成３０年度）の３年生に対する指導について、当てはまるものを選んでください。（４８，４９は３つまで選んでください）,家庭学習の取組として、家庭での学習方法等を具体的な例を挙げながら教えましたか,よく行った;どちらかといえば行った;あまり行っていない;全く行っていない
質問111,問7.48,小学校,2019,,86,,,,,,,,,2018,2019,3,,0,７　昨年度（平成３０年度）の３年生に対する指導について、当てはまるものを選んでください。（４８，４９は３つまで選んでください）,基礎的・基本的な知識及び技能の習得の授業について、次の事項のうち特に重視して取り組んだものとして、当てはまるものを３つまで選んでください,補助教材の活用（市販ドリル等を含む）;小テストの活用;ワークシートの活用;ＩＣＴの活用;意見の発表;グループでの活動;その他
質問112,問7.49,小学校,2019,,87,,,,,,,,,2018,2019,3,,0,７　昨年度（平成３０年度）の３年生に対する指導について、当てはまるものを選んでください。（４８，４９は３つまで選んでください）,習得した知識・技能を活用して課題を解決するために必要な思考力・判断力・表現力等の育成の授業について、次の事項のうち特に重視して取り組んだものとして、当てはまるものを３つまで選んでください,補助教材の活用（市販ドリル等を含む）;小テストの活用;ワークシートの活用;ＩＣＴの活用;意見の発表;グループでの活動;その他
質問113,問8.50,小学校,2019,,89,,,,,,,,,2018,2019,3,国語,0,８　昨年度（平成３０年度）の３年生に対する国語の指導について、当てはまるものを選んでください。,習熟の遅い児童に対して、学習内容が習得できるよう、少人数による指導を年間どのくらい計画的に取り入れましたか,年間の授業のうちおおよそ３／４以上で行った;年間の授業のうちおおよそ１／２以上３／４未満で行った;年間の授業のうちおおよそ１／４以上１／２未満で行った;年間の授業のうちおおよそ１／４未満で行った;行っていない
質問114,問8.51,小学校,2019,,90,,,,,,,,,2018,2019,3,国語,0,８　昨年度（平成３０年度）の３年生に対する国語の指導について、当てはまるものを選んでください。,習熟の早い児童に対して、少人数による指導を行い、発展的な内容を扱った指導を計画的に取り入れましたか,年間の授業のうちおおよそ３／４以上で行った;年間の授業のうちおおよそ１／２以上３／４未満で行った;年間の授業のうちおおよそ１／４以上１／２未満で行った;年間の授業のうちおおよそ１／４未満で行った;行っていない
質問115,問8.52,小学校,2019,,91,,,,,,,,,2018,2019,3,国語,0,８　昨年度（平成３０年度）の３年生に対する国語の指導について、当てはまるものを選んでください。,習熟度に応じた少人数指導を行うときの学習集団（いわゆる習熟度別グループ）の児童数は何人ですか（最も人数が少ない学習集団の人数を答えてください）※該当がない場合は0を入力,
質問116,問8.53,小学校,2019,,92,,,,,,,,,2018,2019,3,国語,0,８　昨年度（平成３０年度）の３年生に対する国語の指導について、当てはまるものを選んでください。,学級内でグループ活動（ペア活動を除く）を行うときのグループの人数を選んでください,３人;４人;５人;６人以上;課題によって人数を変える
質問117,問8.54,小学校,2019,,93,,,,,,,,,2018,2019,3,国語,0,８　昨年度（平成３０年度）の３年生に対する国語の指導について、当てはまるものを選んでください。,ティーム・ティーチングによる指導を取り入れましたか,年間の授業のうちおおよそ３／４以上で行った;年間の授業のうちおおよそ１／２以上３／４未満で行った;年間の授業のうちおおよそ１／４以上１／２未満で行った;年間の授業のうちおおよそ１／４未満で行った;行っていない
質問118,問8.55,小学校,2019,,94,,,,,,,,,2018,2019,3,国語,0,８　昨年度（平成３０年度）の３年生に対する国語の指導について、当てはまるものを選んでください。,補充的な学習の指導を計画的に取り入れましたか,年間の授業のうちおおよそ３／４以上で行った;年間の授業のうちおおよそ１／２以上３／４未満で行った;年間の授業のうちおおよそ１／４以上１／２未満で行った;年間の授業のうちおおよそ１／４未満で行った;行っていない
質問119,問8.56,小学校,2019,,95,,,,,,,,,2018,2019,3,国語,0,８　昨年度（平成３０年度）の３年生に対する国語の指導について、当てはまるものを選んでください。,発展的な学習の指導を計画的に取り入れましたか,年間の授業のうちおおよそ３／４以上で行った;年間の授業のうちおおよそ１／２以上３／４未満で行った;年間の授業のうちおおよそ１／４以上１／２未満で行った;年間の授業のうちおおよそ１／４未満で行った;行っていない
質問120,問8.57,小学校,2019,,96,,,,,,,,,2018,2019,3,国語,0,８　昨年度（平成３０年度）の３年生に対する国語の指導について、当てはまるものを選んでください。,学習規律（私語をしない、話をしている人の方を向いて聞く、聞き手に向かって話をする、授業開始のチャイムを守るなど）を維持する指導を行っていましたか,年間の授業のうちおおよそ３／４以上で行った;年間の授業のうちおおよそ１／２以上３／４未満で行った;年間の授業のうちおおよそ１／４以上１／２未満で行った;年間の授業のうちおおよそ１／４未満で行った;行っていない
質問121,問8.58,小学校,2019,,97,,,,,,,,,2018,2019,3,国語,0,８　昨年度（平成３０年度）の３年生に対する国語の指導について、当てはまるものを選んでください。,学習方法（ノートの取り方、間違ったところを振り返って学習すること、目標・計画の立て方、自分をやる気にする方法など）に関する指導を行っていましたか,年間の授業のうちおおよそ３／４以上で行った;年間の授業のうちおおよそ１／２以上３／４未満で行った;年間の授業のうちおおよそ１／４以上１／２未満で行った;年間の授業のうちおおよそ１／４未満で行った;行っていない
質問122,問8.59,小学校,2019,,98,,,,,,,,,2018,2019,3,国語,0,８　昨年度（平成３０年度）の３年生に対する国語の指導について、当てはまるものを選んでください。,授業の課題解決の場面では、意欲的に取り組んでいる児童の割合はどのくらいであることが多かったですか,おおよそ３／４以上の児童で当てはまる;おおよそ１／２以上３／４未満の児童で当てはまる;おおよそ１／４以上１／２未満の児童で当てはまる;おおよそ１／４未満の児童で当てはまる
質問123,問8.60,小学校,2019,,99,,,,,,,,,2018,2019,3,国語,0,８　昨年度（平成３０年度）の３年生に対する国語の指導について、当てはまるものを選んでください。,ワークシートや資料、模型などの具体物を使って、児童の様々な考えを引き出すための指導の工夫を行っていましたか,年間の授業のうちおおよそ３／４以上で行った;年間の授業のうちおおよそ１／２以上３／４未満で行った;年間の授業のうちおおよそ１／４以上１／２未満で行った;年間の授業のうちおおよそ１／４未満で行った;行っていない
質問124,問8.61,小学校,2019,,100,,,,,,,,,2018,2019,3,国語,0,８　昨年度（平成３０年度）の３年生に対する国語の指導について、当てはまるものを選んでください。,児童に理由を付けて考えを発表させたり、書かせたりする指導を行っていましたか,年間の授業のうちおおよそ３／４以上で行った;年間の授業のうちおおよそ１／２以上３／４未満で行った;年間の授業のうちおおよそ１／４以上１／２未満で行った;年間の授業のうちおおよそ１／４未満で行った;行っていない
質問125,問8.62,小学校,2019,,101,,,,,,,,,2018,2019,3,国語,0,８　昨年度（平成３０年度）の３年生に対する国語の指導について、当てはまるものを選んでください。,授業のまとめの場面では、次の授業につながる新たな問いや疑問、次の授業で調べたいことを児童に書かせましたか,年間の授業のうちおおよそ３／４以上で行った;年間の授業のうちおおよそ１／２以上３／４未満で行った;年間の授業のうちおおよそ１／４以上１／２未満で行った;年間の授業のうちおおよそ１／４未満で行った;行っていない
質問126,問8.63,小学校,2019,,102,,,,,,,,,2018,2019,3,国語,0,８　昨年度（平成３０年度）の３年生に対する国語の指導について、当てはまるものを選んでください。,授業や単元（小単元）のまとめの場面では、学習した内容をどのように活用できるかを児童に書かせましたか,年間の授業のうちおおよそ３／４以上で行った;年間の授業のうちおおよそ１／２以上３／４未満で行った;年間の授業のうちおおよそ１／４以上１／２未満で行った;年間の授業のうちおおよそ１／４未満で行った;行っていない
質問127,問8.64,小学校,2019,,103,,,,,,,,,2018,2019,3,国語,0,８　昨年度（平成３０年度）の３年生に対する国語の指導について、当てはまるものを選んでください。,上記No６２，６３の場面で、ノートやプリントに書かせた児童の考えを教師が確認していましたか,記述させたときのおおよそ３／４以上で確認した;記述させたときのおおよそ１／２以上３／４未満で確認した;記述させたときのおおよそ１／４以上１／２未満で確認した;記述させたときのおおよそ１／４未満で確認した;行っていない
質問128,問8.65,小学校,2019,,104,,,,,,,,,2018,2019,3,国語,0,８　昨年度（平成３０年度）の３年生に対する国語の指導について、当てはまるものを選んでください。,授業の中でドリルなどを使った練習問題を行っていましたか,年間の授業のうちおおよそ３／４以上で行った;年間の授業のうちおおよそ１／２以上３／４未満で行った;年間の授業のうちおおよそ１／４以上１／２未満で行った;年間の授業のうちおおよそ１／４未満で行った;行っていない
質問129,問8.66,小学校,2019,,105,,,,,,,,,2018,2019,3,国語,0,８　昨年度（平成３０年度）の３年生に対する国語の指導について、当てはまるものを選んでください。,グループで活動する場面では、一部の児童の考えだけでなく、全ての児童が考えを出し合って課題を解決していましたか,おおよそ３／４以上のグループで当てはまる;おおよそ１／２以上３／４未満のグループで当てはまる;おおよそ１／４以上１／２未満のグループで当てはまる;おおよそ１／４未満のグループで当てはまる
質問130,問8.67,小学校,2019,,106,,,,,,,,,2018,2019,3,国語,0,８　昨年度（平成３０年度）の３年生に対する国語の指導について、当てはまるものを選んでください。,授業ごとに学習の目標（めあて）を示した後に、児童自ら解決の方法を考えさせる発問をしていましたか,当てはまる;どちらかといえば、当てはまる;どちらともいえない;どちらかといえば、当てはまらない;当てはまらない
質問131,問8.68,小学校,2019,,107,,,,,,,,,2018,2019,3,国語,0,８　昨年度（平成３０年度）の３年生に対する国語の指導について、当てはまるものを選んでください。,グループで活動する場面では、教師の予想以上に児童の考えが広がったり深まったりして、時間が足りなくなったことがありましたか,なかった;あまりなかった;どちらともいえない;どちらかといえばあった;よくあった
質問132,問8.69,小学校,2019,,108,,,,,,,,,2018,2019,3,国語,0,８　昨年度（平成３０年度）の３年生に対する国語の指導について、当てはまるものを選んでください。,授業の課題解決の場面では、児童同士が互いの考えを比較検討しながら、他の児童の考えを取り入れて解決させるよう努めていましたか,当てはまる;どちらかといえば、当てはまる;どちらともいえない;どちらかといえば、当てはまらない;当てはまらない
質問133,問8.70,小学校,2019,,109,,,,,,,,,2018,2019,3,国語,0,８　昨年度（平成３０年度）の３年生に対する国語の指導について、当てはまるものを選んでください。,思考を深める板書（授業の全体像と思考の流れが分かる、振り返りができるなど）を行っていましたか,年間の授業のうちおおよそ３／４以上で行った;年間の授業のうちおおよそ１／２以上３／４未満で行った;年間の授業のうちおおよそ１／４以上１／２未満で行った;年間の授業のうちおおよそ１／４未満で行った;行っていない
質問134,問9.71,小学校,2019,,111,,,,,,,,,2018,2019,3,算数,0,９　昨年度（平成３０年度）の３年生に対する算数の指導について、当てはまるものを選んでください。,習熟の遅い児童に対して、学習内容が習得できるよう、少人数による指導を年間どのくらい計画的に取り入れましたか,年間の授業のうちおおよそ３／４以上で行った;年間の授業のうちおおよそ１／２以上３／４未満で行った;年間の授業のうちおおよそ１／４以上１／２未満で行った;年間の授業のうちおおよそ１／４未満で行った;行っていない
質問135,問9.72,小学校,2019,,112,,,,,,,,,2018,2019,3,算数,0,９　昨年度（平成３０年度）の３年生に対する算数の指導について、当てはまるものを選んでください。,習熟の早い児童に対して、少人数による指導を行い、発展的な内容を扱った指導を計画的に取り入れましたか,年間の授業のうちおおよそ３／４以上で行った;年間の授業のうちおおよそ１／２以上３／４未満で行った;年間の授業のうちおおよそ１／４以上１／２未満で行った;年間の授業のうちおおよそ１／４未満で行った;行っていない
質問136,問9.73,小学校,2019,,113,,,,,,,,,2018,2019,3,算数,0,９　昨年度（平成３０年度）の３年生に対する算数の指導について、当てはまるものを選んでください。,習熟度に応じた少人数指導を行うときの学習集団（いわゆる習熟度別グループ）の児童数は何人ですか（最も人数が少ない学習集団の人数を答えてください）※該当がない場合は0を入力,
質問137,問9.74,小学校,2019,,114,,,,,,,,,2018,2019,3,算数,0,９　昨年度（平成３０年度）の３年生に対する算数の指導について、当てはまるものを選んでください。,学級内でグループ活動（ペア活動を除く）を行うときのグループの人数を選んでください,３人;４人;５人;６人以上;課題によって人数を変える
質問138,問9.75,小学校,2019,,115,,,,,,,,,2018,2019,3,算数,0,９　昨年度（平成３０年度）の３年生に対する算数の指導について、当てはまるものを選んでください。,ティーム・ティーチングによる指導を取り入れましたか,年間の授業のうちおおよそ３／４以上で行った;年間の授業のうちおおよそ１／２以上３／４未満で行った;年間の授業のうちおおよそ１／４以上１／２未満で行った;年間の授業のうちおおよそ１／４未満で行った;行っていない
質問139,問9.76,小学校,2019,,116,,,,,,,,,2018,2019,3,算数,0,９　昨年度（平成３０年度）の３年生に対する算数の指導について、当てはまるものを選んでください。,補充的な学習の指導を計画的に取り入れましたか,年間の授業のうちおおよそ３／４以上で行った;年間の授業のうちおおよそ１／２以上３／４未満で行った;年間の授業のうちおおよそ１／４以上１／２未満で行った;年間の授業のうちおおよそ１／４未満で行った;行っていない
質問140,問9.77,小学校,2019,,117,,,,,,,,,2018,2019,3,算数,0,９　昨年度（平成３０年度）の３年生に対する算数の指導について、当てはまるものを選んでください。,発展的な学習の指導を計画的に取り入れましたか,年間の授業のうちおおよそ３／４以上で行った;年間の授業のうちおおよそ１／２以上３／４未満で行った;年間の授業のうちおおよそ１／４以上１／２未満で行った;年間の授業のうちおおよそ１／４未満で行った;行っていない
質問141,問9.78,小学校,2019,,118,,,,,,,,,2018,2019,3,算数,0,９　昨年度（平成３０年度）の３年生に対する算数の指導について、当てはまるものを選んでください。,学習規律（私語をしない、話をしている人の方を向いて聞く、聞き手に向かって話をする、授業開始のチャイムを守るなど）を維持する指導を行っていましたか,年間の授業のうちおおよそ３／４以上で行った;年間の授業のうちおおよそ１／２以上３／４未満で行った;年間の授業のうちおおよそ１／４以上１／２未満で行った;年間の授業のうちおおよそ１／４未満で行った;行っていない
質問142,問9.79,小学校,2019,,119,,,,,,,,,2018,2019,3,算数,0,９　昨年度（平成３０年度）の３年生に対する算数の指導について、当てはまるものを選んでください。,学習方法（ノートの取り方、間違ったところを振り返って学習すること、目標・計画の立て方、自分をやる気にする方法など）に関する指導を行っていましたか,年間の授業のうちおおよそ３／４以上で行った;年間の授業のうちおおよそ１／２以上３／４未満で行った;年間の授業のうちおおよそ１／４以上１／２未満で行った;年間の授業のうちおおよそ１／４未満で行った;行っていない
質問143,問9.80,小学校,2019,,120,,,,,,,,,2018,2019,3,算数,0,９　昨年度（平成３０年度）の３年生に対する算数の指導について、当てはまるものを選んでください。,授業の課題解決の場面では、意欲的に取り組んでいる児童の割合はどのくらいであることが多かったですか,おおよそ３／４以上の児童で当てはまる;おおよそ１／２以上３／４未満の児童で当てはまる;おおよそ１／４以上１／２未満の児童で当てはまる;おおよそ１／４未満の児童で当てはまる
質問144,問9.81,小学校,2019,,121,,,,,,,,,2018,2019,3,算数,0,９　昨年度（平成３０年度）の３年生に対する算数の指導について、当てはまるものを選んでください。,ワークシートや資料、模型などの具体物を使って、児童の様々な考えを引き出すための指導の工夫を行っていましたか,年間の授業のうちおおよそ３／４以上で行った;年間の授業のうちおおよそ１／２以上３／４未満で行った;年間の授業のうちおおよそ１／４以上１／２未満で行った;年間の授業のうちおおよそ１／４未満で行った;行っていない
質問145,問9.82,小学校,2019,,122,,,,,,,,,2018,2019,3,算数,0,９　昨年度（平成３０年度）の３年生に対する算数の指導について、当てはまるものを選んでください。,児童に理由を付けて考えを発表させたり、文章で書かせたり、図やグラフでかかせたりする指導を行っていましたか,年間の授業のうちおおよそ３／４以上で行った;年間の授業のうちおおよそ１／２以上３／４未満で行った;年間の授業のうちおおよそ１／４以上１／２未満で行った;年間の授業のうちおおよそ１／４未満で行った;行っていない
質問146,問9.83,小学校,2019,,123,,,,,,,,,2018,2019,3,算数,0,９　昨年度（平成３０年度）の３年生に対する算数の指導について、当てはまるものを選んでください。,授業のまとめの場面では、次の授業につながる新たな問いや疑問、次の授業で調べたいことを児童に文章で書かせたり、図やグラフでかかせたりしましたか,年間の授業のうちおおよそ３／４以上で行った;年間の授業のうちおおよそ１／２以上３／４未満で行った;年間の授業のうちおおよそ１／４以上１／２未満で行った;年間の授業のうちおおよそ１／４未満で行った;行っていない
質問147,問9.84,小学校,2019,,124,,,,,,,,,2018,2019,3,算数,0,９　昨年度（平成３０年度）の３年生に対する算数の指導について、当てはまるものを選んでください。,授業や単元（小単元）のまとめの場面では、学習した内容をどのように活用できるかを児童に文章で書かせたり、図やグラフでかかせたりしましたか,年間の授業のうちおおよそ３／４以上で行った;年間の授業のうちおおよそ１／２以上３／４未満で行った;年間の授業のうちおおよそ１／４以上１／２未満で行った;年間の授業のうちおおよそ１／４未満で行った;行っていない
質問148,問9.85,小学校,2019,,125,,,,,,,,,2018,2019,3,算数,0,９　昨年度（平成３０年度）の３年生に対する算数の指導について、当てはまるものを選んでください。,上記No８３，８４の場面で、ノートやプリントに書かせた児童の考えを教師が確認していましたか,記述させたときのおおよそ３／４以上で確認した;記述させたときのおおよそ１／２以上３／４未満で確認した;記述させたときのおおよそ１／４以上１／２未満で確認した;記述させたときのおおよそ１／４未満で確認した;行っていない
質問149,問9.86,小学校,2019,,126,,,,,,,,,2018,2019,3,算数,0,９　昨年度（平成３０年度）の３年生に対する算数の指導について、当てはまるものを選んでください。,授業の中でドリルなどを使った練習問題を行っていましたか,年間の授業のうちおおよそ３／４以上で行った;年間の授業のうちおおよそ１／２以上３／４未満で行った;年間の授業のうちおおよそ１／４以上１／２未満で行った;年間の授業のうちおおよそ１／４未満で行った;行っていない
質問150,問9.87,小学校,2019,,127,,,,,,,,,2018,2019,3,算数,0,９　昨年度（平成３０年度）の３年生に対する算数の指導について、当てはまるものを選んでください。,グループで活動する場面では、一部の児童の考えだけでなく、全ての児童が考えを出し合って課題を解決していましたか,おおよそ３／４以上のグループで当てはまる;おおよそ１／２以上３／４未満のグループで当てはまる;おおよそ１／４以上１／２未満のグループで当てはまる;おおよそ１／４未満のグループで当てはまる
質問151,問9.88,小学校,2019,,128,,,,,,,,,2018,2019,3,算数,0,９　昨年度（平成３０年度）の３年生に対する算数の指導について、当てはまるものを選んでください。,授業ごとに学習の目標（めあて）を示した後に、児童自ら解決の方法を考えさせる発問をしていましたか,当てはまる;どちらかといえば、当てはまる;どちらともいえない;どちらかといえば、当てはまらない;当てはまらない
質問152,問9.89,小学校,2019,,129,,,,,,,,,2018,2019,3,算数,0,９　昨年度（平成３０年度）の３年生に対する算数の指導について、当てはまるものを選んでください。,グループで活動する場面では、教師の予想以上に児童の考えが広がったり深まったりして、時間が足りなくなったことがありましたか,なかった;あまりなかった;どちらともいえない;どちらかといえばあった;よくあった
質問153,問9.90,小学校,2019,,130,,,,,,,,,2018,2019,3,算数,0,９　昨年度（平成３０年度）の３年生に対する算数の指導について、当てはまるものを選んでください。,授業の課題解決の場面では、児童同士が互いの考えを比較検討しながら、他の児童の考えを取り入れて解決させるよう努めていましたか,当てはまる;どちらかといえば、当てはまる;どちらともいえない;どちらかといえば、当てはまらない;当てはまらない
質問154,問9.91,小学校,2019,,131,,,,,,,,,2018,2019,3,算数,0,９　昨年度（平成３０年度）の３年生に対する算数の指導について、当てはまるものを選んでください。,思考を深める板書（授業の全体像と思考の流れが分かる、振り返りができるなど）を行っていましたか,年間の授業のうちおおよそ３／４以上で行った;年間の授業のうちおおよそ１／２以上３／４未満で行った;年間の授業のうちおおよそ１／４以上１／２未満で行った;年間の授業のうちおおよそ１／４未満で行った;行っていない
質問155,問10.92,小学校,2019,,133,,,,,,,,,2018,2019,4,,0,１０　昨年度（平成３０年度）の４年生について、入力または当てはまるものを選んでください。,"児童数（３０年５月１日現在）は何人でしたか
※該当がない場合は0を入力",
質問156,問10.93　２０人以下,小学校,2019,問10.93,134,,,,,,,,,2018,2019,4,,0,１０　昨年度（平成３０年度）の４年生について、入力または当てはまるものを選んでください。,"児童数（３０年５月１日現在）別のクラスを答えてください
※回答肢にあてはまるクラス数をそれぞれ数値で入力してください
　例：２０人以下のクラスが2クラスの場合、2と入力
※該当がない場合は0を入力",２０人以下;２１～２５人;２６～３０人;３１～３５人;３６～４０人
質問157,問10.93　２１～２５人,小学校,2019,問10.93,134,,,,,,,,,2018,2019,4,,0,１０　昨年度（平成３０年度）の４年生について、入力または当てはまるものを選んでください。,"児童数（３０年５月１日現在）別のクラスを答えてください
※回答肢にあてはまるクラス数をそれぞれ数値で入力してください
　例：２０人以下のクラスが2クラスの場合、2と入力
※該当がない場合は0を入力",２０人以下;２１～２５人;２６～３０人;３１～３５人;３６～４０人
質問158,問10.93　２６～３０人,小学校,2019,問10.93,134,,,,,,,,,2018,2019,4,,0,１０　昨年度（平成３０年度）の４年生について、入力または当てはまるものを選んでください。,"児童数（３０年５月１日現在）別のクラスを答えてください
※回答肢にあてはまるクラス数をそれぞれ数値で入力してください
　例：２０人以下のクラスが2クラスの場合、2と入力
※該当がない場合は0を入力",２０人以下;２１～２５人;２６～３０人;３１～３５人;３６～４０人
質問159,問10.93　３１～３５人,小学校,2019,問10.93,134,,,,,,,,,2018,2019,4,,0,１０　昨年度（平成３０年度）の４年生について、入力または当てはまるものを選んでください。,"児童数（３０年５月１日現在）別のクラスを答えてください
※回答肢にあてはまるクラス数をそれぞれ数値で入力してください
　例：２０人以下のクラスが2クラスの場合、2と入力
※該当がない場合は0を入力",２０人以下;２１～２５人;２６～３０人;３１～３５人;３６～４０人
質問160,問10.93　３６～４０人,小学校,2019,問10.93,134,,,,,,,,,2018,2019,4,,0,１０　昨年度（平成３０年度）の４年生について、入力または当てはまるものを選んでください。,"児童数（３０年５月１日現在）別のクラスを答えてください
※回答肢にあてはまるクラス数をそれぞれ数値で入力してください
　例：２０人以下のクラスが2クラスの場合、2と入力
※該当がない場合は0を入力",２０人以下;２１～２５人;２６～３０人;３１～３５人;３６～４０人
質問161,問10.94,小学校,2019,,135,,,,,,,,,2018,2019,4,,0,１０　昨年度（平成３０年度）の４年生について、入力または当てはまるものを選んでください。,日本語指導が必要な児童の人数（３０年５月１日現在）を次から選んでください,０人;１～３人;４～６人;７～９人;１０人以上
質問162,問10.95,小学校,2019,,136,,,,,,,,,2018,2019,4,,0,１０　昨年度（平成３０年度）の４年生について、入力または当てはまるものを選んでください。,"就学援助を受けていた児童の人数（３１年３月３１日現在）は何人でしたか
※該当がない場合は0を入力",
質問163,問10.96,小学校,2019,,137,,,,,,,,,2018,2019,4,,0,１０　昨年度（平成３０年度）の４年生について、入力または当てはまるものを選んでください。,児童は熱意をもって勉強することができていましたか,できる児童がおおよそ９割以上;できる児童がおおよそ８割以上９割未満;できる児童がおおよそ５割以上８割未満;できる児童がおおよそ５割未満
質問164,問10.97.ア,小学校,2019,,139,,,,,,,,,2018,2019,4,,0,１０　昨年度（平成３０年度）の４年生について、入力または当てはまるものを選んでください。,遅刻,問題ではなかった;小さな問題だった;中くらいの問題だった;深刻な問題だった
質問165,問10.97.イ,小学校,2019,,140,,,,,,,,,2018,2019,4,,0,１０　昨年度（平成３０年度）の４年生について、入力または当てはまるものを選んでください。,不登校,問題ではなかった;小さな問題だった;中くらいの問題だった;深刻な問題だった
質問166,問10.97.ウ,小学校,2019,,141,,,,,,,,,2018,2019,4,,0,１０　昨年度（平成３０年度）の４年生について、入力または当てはまるものを選んでください。,学習規律の確保,問題ではなかった;小さな問題だった;中くらいの問題だった;深刻な問題だった
質問167,問10.97.エ,小学校,2019,,142,,,,,,,,,2018,2019,4,,0,１０　昨年度（平成３０年度）の４年生について、入力または当てはまるものを選んでください。,暴力行為や児童同士のトラブル,問題ではなかった;小さな問題だった;中くらいの問題だった;深刻な問題だった
質問168,問11.98,小学校,2019,,144,,,,,,,,,2018,2019,4,,0,１１　昨年度（平成３０年度）の４年生に対する指導について、当てはまるものを選んでください。（１０４，１０５は３つまで選んでください）,学力向上や学習の定着等を目的に取り組んできたことについて、次の事項のうち最も重視して取り組んだものとして、当てはまるものを選んでください,朝読書などの一斉読書の時間;学校図書館を活用した授業;ＩＣＴを活用した授業;放課後等を利用した補充的な学習サポート;土曜日等を利用した補充的な学習サポート
質問169,問11.99,小学校,2019,,145,,,,,,,,,2018,2019,4,,0,１１　昨年度（平成３０年度）の４年生に対する指導について、当てはまるものを選んでください。（１０４，１０５は３つまで選んでください）,長期休業日を利用した補充的な学習サポートを実施しましたか（夏休みや冬休み、春休みなどの長期休業日のうち、補充的な学習サポートを実施した日数の累計について、当てはまるものを選んでください）,延べ１３日以上;延べ９日から１２日;延べ５日から８日;１日から延べ４日;行っていない
質問170,問11.100,小学校,2019,,146,,,,,,,,,2018,2019,4,,0,１１　昨年度（平成３０年度）の４年生に対する指導について、当てはまるものを選んでください。（１０４，１０５は３つまで選んでください）,家庭学習の課題（宿題）を計画的に与えましたか,よく行った;どちらかといえば行った;あまり行っていない;全く行っていない
質問171,問11.101,小学校,2019,,147,,,,,,,,,2018,2019,4,,0,１１　昨年度（平成３０年度）の４年生に対する指導について、当てはまるものを選んでください。（１０４，１０５は３つまで選んでください）,与えた家庭学習の課題（長期休業期間中の課題を除きます）についての評価・指導を計画的に行いましたか,よく行った;どちらかといえば行った;あまり行っていない;全く行っていない
質問172,問11.102,小学校,2019,,148,,,,,,,,,2018,2019,4,,0,１１　昨年度（平成３０年度）の４年生に対する指導について、当てはまるものを選んでください。（１０４，１０５は３つまで選んでください）,家庭学習の取組として、調べたり文章を書いたりしてくる課題（宿題）を与えましたか,よく行った;どちらかといえば行った;あまり行っていない;全く行っていない
質問173,問11.103,小学校,2019,,149,,,,,,,,,2018,2019,4,,0,１１　昨年度（平成３０年度）の４年生に対する指導について、当てはまるものを選んでください。（１０４，１０５は３つまで選んでください）,家庭学習の取組として、家庭での学習方法等を具体的な例を挙げながら教えましたか,よく行った;どちらかといえば行った;あまり行っていない;全く行っていない
質問174,問11.104,小学校,2019,,150,,,,,,,,,2018,2019,4,,0,１１　昨年度（平成３０年度）の４年生に対する指導について、当てはまるものを選んでください。（１０４，１０５は３つまで選んでください）,基礎的・基本的な知識及び技能の習得の授業について、次の事項のうち特に重視して取り組んだものとして、当てはまるものを３つまで選んでください,補助教材の活用（市販ドリル等を含む）;小テストの活用;ワークシートの活用;ＩＣＴの活用;意見の発表;グループでの活動;その他
質問175,問11.105,小学校,2019,,151,,,,,,,,,2018,2019,4,,0,１１　昨年度（平成３０年度）の４年生に対する指導について、当てはまるものを選んでください。（１０４，１０５は３つまで選んでください）,習得した知識・技能を活用して課題を解決するために必要な思考力・判断力・表現力等の育成の授業について、次の事項のうち特に重視して取り組んだものとして、当てはまるものを３つまで選んでください,補助教材の活用（市販ドリル等を含む）;小テストの活用;ワークシートの活用;ＩＣＴの活用;意見の発表;グループでの活動;その他
質問176,問12.106,小学校,2019,,153,,,,,,,,,2018,2019,4,国語,0,１２　昨年度（平成３０年度）の４年生に対する国語の指導について、当てはまるものを選んでください。,習熟の遅い児童に対して、学習内容が習得できるよう、少人数による指導を年間どのくらい計画的に取り入れましたか,年間の授業のうちおおよそ３／４以上で行った;年間の授業のうちおおよそ１／２以上３／４未満で行った;年間の授業のうちおおよそ１／４以上１／２未満で行った;年間の授業のうちおおよそ１／４未満で行った;行っていない
質問177,問12.107,小学校,2019,,154,,,,,,,,,2018,2019,4,国語,0,１２　昨年度（平成３０年度）の４年生に対する国語の指導について、当てはまるものを選んでください。,習熟の早い児童に対して、少人数による指導を行い、発展的な内容を扱った指導を計画的に取り入れましたか,年間の授業のうちおおよそ３／４以上で行った;年間の授業のうちおおよそ１／２以上３／４未満で行った;年間の授業のうちおおよそ１／４以上１／２未満で行った;年間の授業のうちおおよそ１／４未満で行った;行っていない
質問178,問12.108,小学校,2019,,155,,,,,,,,,2018,2019,4,国語,0,１２　昨年度（平成３０年度）の４年生に対する国語の指導について、当てはまるものを選んでください。,習熟度に応じた少人数指導を行うときの学習集団（いわゆる習熟度別グループ）の児童数は何人ですか（最も人数が少ない学習集団の人数を答えてください）※該当がない場合は0を入力,
質問179,問12.109,小学校,2019,,156,,,,,,,,,2018,2019,4,国語,0,１２　昨年度（平成３０年度）の４年生に対する国語の指導について、当てはまるものを選んでください。,学級内でグループ活動（ペア活動を除く）を行うときのグループの人数を選んでください,３人;４人;５人;６人以上;課題によって人数を変える
質問180,問12.110,小学校,2019,,157,,,,,,,,,2018,2019,4,国語,0,１２　昨年度（平成３０年度）の４年生に対する国語の指導について、当てはまるものを選んでください。,ティーム・ティーチングによる指導を取り入れましたか,年間の授業のうちおおよそ３／４以上で行った;年間の授業のうちおおよそ１／２以上３／４未満で行った;年間の授業のうちおおよそ１／４以上１／２未満で行った;年間の授業のうちおおよそ１／４未満で行った;行っていない
質問181,問12.111,小学校,2019,,158,,,,,,,,,2018,2019,4,国語,0,１２　昨年度（平成３０年度）の４年生に対する国語の指導について、当てはまるものを選んでください。,補充的な学習の指導を計画的に取り入れましたか,年間の授業のうちおおよそ３／４以上で行った;年間の授業のうちおおよそ１／２以上３／４未満で行った;年間の授業のうちおおよそ１／４以上１／２未満で行った;年間の授業のうちおおよそ１／４未満で行った;行っていない
質問182,問12.112,小学校,2019,,159,,,,,,,,,2018,2019,4,国語,0,１２　昨年度（平成３０年度）の４年生に対する国語の指導について、当てはまるものを選んでください。,発展的な学習の指導を計画的に取り入れましたか,年間の授業のうちおおよそ３／４以上で行った;年間の授業のうちおおよそ１／２以上３／４未満で行った;年間の授業のうちおおよそ１／４以上１／２未満で行った;年間の授業のうちおおよそ１／４未満で行った;行っていない
質問183,問12.113,小学校,2019,,160,,,,,,,,,2018,2019,4,国語,0,１２　昨年度（平成３０年度）の４年生に対する国語の指導について、当てはまるものを選んでください。,学習規律（私語をしない、話をしている人の方を向いて聞く、聞き手に向かって話をする、授業開始のチャイムを守るなど）を維持する指導を行っていましたか,年間の授業のうちおおよそ３／４以上で行った;年間の授業のうちおおよそ１／２以上３／４未満で行った;年間の授業のうちおおよそ１／４以上１／２未満で行った;年間の授業のうちおおよそ１／４未満で行った;行っていない
質問184,問12.114,小学校,2019,,161,,,,,,,,,2018,2019,4,国語,0,１２　昨年度（平成３０年度）の４年生に対する国語の指導について、当てはまるものを選んでください。,学習方法（ノートの取り方、間違ったところを振り返って学習すること、目標・計画の立て方、自分をやる気にする方法など）に関する指導を行っていましたか,年間の授業のうちおおよそ３／４以上で行った;年間の授業のうちおおよそ１／２以上３／４未満で行った;年間の授業のうちおおよそ１／４以上１／２未満で行った;年間の授業のうちおおよそ１／４未満で行った;行っていない
質問185,問12.115,小学校,2019,,162,,,,,,,,,2018,2019,4,国語,0,１２　昨年度（平成３０年度）の４年生に対する国語の指導について、当てはまるものを選んでください。,授業の課題解決の場面では、意欲的に取り組んでいる児童の割合はどのくらいであることが多かったですか,おおよそ３／４以上の児童で当てはまる;おおよそ１／２以上３／４未満の児童で当てはまる;おおよそ１／４以上１／２未満の児童で当てはまる;おおよそ１／４未満の児童で当てはまる
質問186,問12.116,小学校,2019,,163,,,,,,,,,2018,2019,4,国語,0,１２　昨年度（平成３０年度）の４年生に対する国語の指導について、当てはまるものを選んでください。,ワークシートや資料、模型などの具体物を使って、児童の様々な考えを引き出すための指導の工夫を行っていましたか,年間の授業のうちおおよそ３／４以上で行った;年間の授業のうちおおよそ１／２以上３／４未満で行った;年間の授業のうちおおよそ１／４以上１／２未満で行った;年間の授業のうちおおよそ１／４未満で行った;行っていない
質問187,問12.117,小学校,2019,,164,,,,,,,,,2018,2019,4,国語,0,１２　昨年度（平成３０年度）の４年生に対する国語の指導について、当てはまるものを選んでください。,児童に理由を付けて考えを発表させたり、書かせたりする指導を行っていましたか,年間の授業のうちおおよそ３／４以上で行った;年間の授業のうちおおよそ１／２以上３／４未満で行った;年間の授業のうちおおよそ１／４以上１／２未満で行った;年間の授業のうちおおよそ１／４未満で行った;行っていない
質問188,問12.118,小学校,2019,,165,,,,,,,,,2018,2019,4,国語,0,１２　昨年度（平成３０年度）の４年生に対する国語の指導について、当てはまるものを選んでください。,授業のまとめの場面では、次の授業につながる新たな問いや疑問、次の授業で調べたいことを児童に書かせましたか,年間の授業のうちおおよそ３／４以上で行った;年間の授業のうちおおよそ１／２以上３／４未満で行った;年間の授業のうちおおよそ１／４以上１／２未満で行った;年間の授業のうちおおよそ１／４未満で行った;行っていない
質問189,問12.119,小学校,2019,,166,,,,,,,,,2018,2019,4,国語,0,１２　昨年度（平成３０年度）の４年生に対する国語の指導について、当てはまるものを選んでください。,授業や単元（小単元）のまとめの場面では、学習した内容をどのように活用できるかを児童に書かせましたか,年間の授業のうちおおよそ３／４以上で行った;年間の授業のうちおおよそ１／２以上３／４未満で行った;年間の授業のうちおおよそ１／４以上１／２未満で行った;年間の授業のうちおおよそ１／４未満で行った;行っていない
質問190,問12.120,小学校,2019,,167,,,,,,,,,2018,2019,4,国語,0,１２　昨年度（平成３０年度）の４年生に対する国語の指導について、当てはまるものを選んでください。,"上記No１１８,１１９の場面で、ノートやプリントに書かせた児童の考えを教師が確認していましたか",記述させたときのおおよそ３／４以上で確認した;記述させたときのおおよそ１／２以上３／４未満で確認した;記述させたときのおおよそ１／４以上１／２未満で確認した;記述させたときのおおよそ１／４未満で確認した;行っていない
質問191,問12.121,小学校,2019,,168,,,,,,,,,2018,2019,4,国語,0,１２　昨年度（平成３０年度）の４年生に対する国語の指導について、当てはまるものを選んでください。,授業の中でドリルなどを使った練習問題を行っていましたか,年間の授業のうちおおよそ３／４以上で行った;年間の授業のうちおおよそ１／２以上３／４未満で行った;年間の授業のうちおおよそ１／４以上１／２未満で行った;年間の授業のうちおおよそ１／４未満で行った;行っていない
質問192,問12.122,小学校,2019,,169,,,,,,,,,2018,2019,4,国語,0,１２　昨年度（平成３０年度）の４年生に対する国語の指導について、当てはまるものを選んでください。,グループで活動する場面では、一部の児童の考えだけでなく、全ての児童が考えを出し合って課題を解決していましたか,おおよそ３／４以上のグループで当てはまる;おおよそ１／２以上３／４未満のグループで当てはまる;おおよそ１／４以上１／２未満のグループで当てはまる;おおよそ１／４未満のグループで当てはまる
質問193,問12.123,小学校,2019,,170,,,,,,,,,2018,2019,4,国語,0,１２　昨年度（平成３０年度）の４年生に対する国語の指導について、当てはまるものを選んでください。,授業ごとに学習の目標（めあて）を示した後に、児童自ら解決の方法を考えさせる発問をしていましたか,当てはまる;どちらかといえば、当てはまる;どちらともいえない;どちらかといえば、当てはまらない;当てはまらない
質問194,問12.124,小学校,2019,,171,,,,,,,,,2018,2019,4,国語,0,１２　昨年度（平成３０年度）の４年生に対する国語の指導について、当てはまるものを選んでください。,グループで活動する場面では、教師の予想以上に児童の考えが広がったり深まったりして、時間が足りなくなったことがありましたか,なかった;あまりなかった;どちらともいえない;どちらかといえばあった;よくあった
質問195,問12.125,小学校,2019,,172,,,,,,,,,2018,2019,4,国語,0,１２　昨年度（平成３０年度）の４年生に対する国語の指導について、当てはまるものを選んでください。,授業の課題解決の場面では、児童同士が互いの考えを比較検討しながら、他の児童の考えを取り入れて解決させるよう努めていましたか,当てはまる;どちらかといえば、当てはまる;どちらともいえない;どちらかといえば、当てはまらない;当てはまらない
質問196,問12.126,小学校,2019,,173,,,,,,,,,2018,2019,4,国語,0,１２　昨年度（平成３０年度）の４年生に対する国語の指導について、当てはまるものを選んでください。,思考を深める板書（授業の全体像と思考の流れが分かる、振り返りができるなど）を行っていましたか,年間の授業のうちおおよそ３／４以上で行った;年間の授業のうちおおよそ１／２以上３／４未満で行った;年間の授業のうちおおよそ１／４以上１／２未満で行った;年間の授業のうちおおよそ１／４未満で行った;行っていない
質問197,問13.127,小学校,2019,,175,,,,,,,,,2018,2019,4,算数,0,１３　昨年度（平成３０年度）の４年生に対する算数の指導について、当てはまるものを選んでください。,習熟の遅い児童に対して、学習内容が習得できるよう、少人数による指導を年間どのくらい計画的に取り入れましたか,年間の授業のうちおおよそ３／４以上で行った;年間の授業のうちおおよそ１／２以上３／４未満で行った;年間の授業のうちおおよそ１／４以上１／２未満で行った;年間の授業のうちおおよそ１／４未満で行った;行っていない
質問198,問13.128,小学校,2019,,176,,,,,,,,,2018,2019,4,算数,0,１３　昨年度（平成３０年度）の４年生に対する算数の指導について、当てはまるものを選んでください。,習熟の早い児童に対して、少人数による指導を行い、発展的な内容を扱った指導を計画的に取り入れましたか,年間の授業のうちおおよそ３／４以上で行った;年間の授業のうちおおよそ１／２以上３／４未満で行った;年間の授業のうちおおよそ１／４以上１／２未満で行った;年間の授業のうちおおよそ１／４未満で行った;行っていない
質問199,問13.129,小学校,2019,,177,,,,,,,,,2018,2019,4,算数,0,１３　昨年度（平成３０年度）の４年生に対する算数の指導について、当てはまるものを選んでください。,習熟度に応じた少人数指導を行うときの学習集団（いわゆる習熟度別グループ）の児童数は何人ですか（最も人数が少ない学習集団の人数を答えてください）※該当がない場合は0を入力,
質問200,問13.130,小学校,2019,,178,,,,,,,,,2018,2019,4,算数,0,１３　昨年度（平成３０年度）の４年生に対する算数の指導について、当てはまるものを選んでください。,学級内でグループ活動（ペア活動を除く）を行うときのグループの人数を選んでください,３人;４人;５人;６人以上;課題によって人数を変える
質問201,問13.131,小学校,2019,,179,,,,,,,,,2018,2019,4,算数,0,１３　昨年度（平成３０年度）の４年生に対する算数の指導について、当てはまるものを選んでください。,ティーム・ティーチングによる指導を取り入れましたか,年間の授業のうちおおよそ３／４以上で行った;年間の授業のうちおおよそ１／２以上３／４未満で行った;年間の授業のうちおおよそ１／４以上１／２未満で行った;年間の授業のうちおおよそ１／４未満で行った;行っていない
質問202,問13.132,小学校,2019,,180,,,,,,,,,2018,2019,4,算数,0,１３　昨年度（平成３０年度）の４年生に対する算数の指導について、当てはまるものを選んでください。,補充的な学習の指導を計画的に取り入れましたか,年間の授業のうちおおよそ３／４以上で行った;年間の授業のうちおおよそ１／２以上３／４未満で行った;年間の授業のうちおおよそ１／４以上１／２未満で行った;年間の授業のうちおおよそ１／４未満で行った;行っていない
質問203,問13.133,小学校,2019,,181,,,,,,,,,2018,2019,4,算数,0,１３　昨年度（平成３０年度）の４年生に対する算数の指導について、当てはまるものを選んでください。,発展的な学習の指導を計画的に取り入れましたか,年間の授業のうちおおよそ３／４以上で行った;年間の授業のうちおおよそ１／２以上３／４未満で行った;年間の授業のうちおおよそ１／４以上１／２未満で行った;年間の授業のうちおおよそ１／４未満で行った;行っていない
質問204,問13.134,小学校,2019,,182,,,,,,,,,2018,2019,4,算数,0,１３　昨年度（平成３０年度）の４年生に対する算数の指導について、当てはまるものを選んでください。,学習規律（私語をしない、話をしている人の方を向いて聞く、聞き手に向かって話をする、授業開始のチャイムを守るなど）を維持する指導を行っていましたか,年間の授業のうちおおよそ３／４以上で行った;年間の授業のうちおおよそ１／２以上３／４未満で行った;年間の授業のうちおおよそ１／４以上１／２未満で行った;年間の授業のうちおおよそ１／４未満で行った;行っていない
質問205,問13.135,小学校,2019,,183,,,,,,,,,2018,2019,4,算数,0,１３　昨年度（平成３０年度）の４年生に対する算数の指導について、当てはまるものを選んでください。,学習方法（ノートの取り方、間違ったところを振り返って学習すること、目標・計画の立て方、自分をやる気にする方法など）に関する指導を行っていましたか,年間の授業のうちおおよそ３／４以上で行った;年間の授業のうちおおよそ１／２以上３／４未満で行った;年間の授業のうちおおよそ１／４以上１／２未満で行った;年間の授業のうちおおよそ１／４未満で行った;行っていない
質問206,問13.136,小学校,2019,,184,,,,,,,,,2018,2019,4,算数,0,１３　昨年度（平成３０年度）の４年生に対する算数の指導について、当てはまるものを選んでください。,授業の課題解決の場面では、意欲的に取り組んでいる児童の割合はどのくらいであることが多かったですか,おおよそ３／４以上の児童で当てはまる;おおよそ１／２以上３／４未満の児童で当てはまる;おおよそ１／４以上１／２未満の児童で当てはまる;おおよそ１／４未満の児童で当てはまる
質問207,問13.137,小学校,2019,,185,,,,,,,,,2018,2019,4,算数,0,１３　昨年度（平成３０年度）の４年生に対する算数の指導について、当てはまるものを選んでください。,ワークシートや資料、模型などの具体物を使って、児童の様々な考えを引き出すための指導の工夫を行っていましたか,年間の授業のうちおおよそ３／４以上で行った;年間の授業のうちおおよそ１／２以上３／４未満で行った;年間の授業のうちおおよそ１／４以上１／２未満で行った;年間の授業のうちおおよそ１／４未満で行った;行っていない
質問208,問13.138,小学校,2019,,186,,,,,,,,,2018,2019,4,算数,0,１３　昨年度（平成３０年度）の４年生に対する算数の指導について、当てはまるものを選んでください。,児童に理由を付けて考えを発表させたり、文章で書かせたり、図やグラフでかかせたりする指導を行っていましたか,年間の授業のうちおおよそ３／４以上で行った;年間の授業のうちおおよそ１／２以上３／４未満で行った;年間の授業のうちおおよそ１／４以上１／２未満で行った;年間の授業のうちおおよそ１／４未満で行った;行っていない
質問209,問13.139,小学校,2019,,187,,,,,,,,,2018,2019,4,算数,0,１３　昨年度（平成３０年度）の４年生に対する算数の指導について、当てはまるものを選んでください。,授業のまとめの場面では、次の授業につながる新たな問いや疑問、次の授業で調べたいことを児童に文章で書かせたり、図やグラフでかかせたりしましたか,年間の授業のうちおおよそ３／４以上で行った;年間の授業のうちおおよそ１／２以上３／４未満で行った;年間の授業のうちおおよそ１／４以上１／２未満で行った;年間の授業のうちおおよそ１／４未満で行った;行っていない
質問210,問13.140,小学校,2019,,188,,,,,,,,,2018,2019,4,算数,0,１３　昨年度（平成３０年度）の４年生に対する算数の指導について、当てはまるものを選んでください。,授業や単元（小単元）のまとめの場面では、学習した内容をどのように活用できるかを児童に文章で書かせたり、図やグラフでかかせたりしましたか,年間の授業のうちおおよそ３／４以上で行った;年間の授業のうちおおよそ１／２以上３／４未満で行った;年間の授業のうちおおよそ１／４以上１／２未満で行った;年間の授業のうちおおよそ１／４未満で行った;行っていない
質問211,問13.141,小学校,2019,,189,,,,,,,,,2018,2019,4,算数,0,１３　昨年度（平成３０年度）の４年生に対する算数の指導について、当てはまるものを選んでください。,上記No１３９，１４０の場面で、ノートやプリントに書かせた児童の考えを教師が確認していましたか,記述させたときのおおよそ３／４以上で確認した;記述させたときのおおよそ１／２以上３／４未満で確認した;記述させたときのおおよそ１／４以上１／２未満で確認した;記述させたときのおおよそ１／４未満で確認した;行っていない
質問212,問13.142,小学校,2019,,190,,,,,,,,,2018,2019,4,算数,0,１３　昨年度（平成３０年度）の４年生に対する算数の指導について、当てはまるものを選んでください。,授業の中でドリルなどを使った練習問題を行っていましたか,年間の授業のうちおおよそ３／４以上で行った;年間の授業のうちおおよそ１／２以上３／４未満で行った;年間の授業のうちおおよそ１／４以上１／２未満で行った;年間の授業のうちおおよそ１／４未満で行った;行っていない
質問213,問13.143,小学校,2019,,191,,,,,,,,,2018,2019,4,算数,0,１３　昨年度（平成３０年度）の４年生に対する算数の指導について、当てはまるものを選んでください。,グループで活動する場面では、一部の児童の考えだけでなく、全ての児童が考えを出し合って課題を解決していましたか,おおよそ３／４以上のグループで当てはまる;おおよそ１／２以上３／４未満のグループで当てはまる;おおよそ１／４以上１／２未満のグループで当てはまる;おおよそ１／４未満のグループで当てはまる
質問214,問13.144,小学校,2019,,192,,,,,,,,,2018,2019,4,算数,0,１３　昨年度（平成３０年度）の４年生に対する算数の指導について、当てはまるものを選んでください。,授業ごとに学習の目標（めあて）を示した後に、児童自ら解決の方法を考えさせる発問をしていましたか,当てはまる;どちらかといえば、当てはまる;どちらともいえない;どちらかといえば、当てはまらない;当てはまらない
質問215,問13.145,小学校,2019,,193,,,,,,,,,2018,2019,4,算数,0,１３　昨年度（平成３０年度）の４年生に対する算数の指導について、当てはまるものを選んでください。,グループで活動する場面では、教師の予想以上に児童の考えが広がったり深まったりして、時間が足りなくなったことがありましたか,なかった;あまりなかった;どちらともいえない;どちらかといえばあった;よくあった
質問216,問13.146,小学校,2019,,194,,,,,,,,,2018,2019,4,算数,0,１３　昨年度（平成３０年度）の４年生に対する算数の指導について、当てはまるものを選んでください。,授業の課題解決の場面では、児童同士が互いの考えを比較検討しながら、他の児童の考えを取り入れて解決させるよう努めていましたか,当てはまる;どちらかといえば、当てはまる;どちらともいえない;どちらかといえば、当てはまらない;当てはまらない
質問217,問13.147,小学校,2019,,195,,,,,,,,,2018,2019,4,算数,0,１３　昨年度（平成３０年度）の４年生に対する算数の指導について、当てはまるものを選んでください。,思考を深める板書（授業の全体像と思考の流れが分かる、振り返りができるなど）を行っていましたか,年間の授業のうちおおよそ３／４以上で行った;年間の授業のうちおおよそ１／２以上３／４未満で行った;年間の授業のうちおおよそ１／４以上１／２未満で行った;年間の授業のうちおおよそ１／４未満で行った;行っていない
質問218,問14.148,小学校,2019,,197,,,,,,,,,2018,2019,5,,0,１４　昨年度（平成３０年度）の５年生について、入力または当てはまるものを選んでください。,"児童数（３０年５月１日現在）は何人でしたか
※該当がない場合は0を入力",
質問219,問14.149　２０人以下,小学校,2019,問14.149,198,,,,,,,,,2018,2019,5,,0,１４　昨年度（平成３０年度）の５年生について、入力または当てはまるものを選んでください。,"児童数（３０年５月１日現在）別のクラスを答えてください
※回答肢にあてはまるクラス数をそれぞれ数値で入力してください
　例：２０人以下のクラスが2クラスの場合、2と入力
※該当がない場合は0を入力",２０人以下;２１～２５人;２６～３０人;３１～３５人;３６～４０人
質問220,問14.149　２１～２５人,小学校,2019,問14.149,198,,,,,,,,,2018,2019,5,,0,１４　昨年度（平成３０年度）の５年生について、入力または当てはまるものを選んでください。,"児童数（３０年５月１日現在）別のクラスを答えてください
※回答肢にあてはまるクラス数をそれぞれ数値で入力してください
　例：２０人以下のクラスが2クラスの場合、2と入力
※該当がない場合は0を入力",２０人以下;２１～２５人;２６～３０人;３１～３５人;３６～４０人
質問221,問14.149　２６～３０人,小学校,2019,問14.149,198,,,,,,,,,2018,2019,5,,0,１４　昨年度（平成３０年度）の５年生について、入力または当てはまるものを選んでください。,"児童数（３０年５月１日現在）別のクラスを答えてください
※回答肢にあてはまるクラス数をそれぞれ数値で入力してください
　例：２０人以下のクラスが2クラスの場合、2と入力
※該当がない場合は0を入力",２０人以下;２１～２５人;２６～３０人;３１～３５人;３６～４０人
質問222,問14.149　３１～３５人,小学校,2019,問14.149,198,,,,,,,,,2018,2019,5,,0,１４　昨年度（平成３０年度）の５年生について、入力または当てはまるものを選んでください。,"児童数（３０年５月１日現在）別のクラスを答えてください
※回答肢にあてはまるクラス数をそれぞれ数値で入力してください
　例：２０人以下のクラスが2クラスの場合、2と入力
※該当がない場合は0を入力",２０人以下;２１～２５人;２６～３０人;３１～３５人;３６～４０人
質問223,問14.149　３６～４０人,小学校,2019,問14.149,198,,,,,,,,,2018,2019,5,,0,１４　昨年度（平成３０年度）の５年生について、入力または当てはまるものを選んでください。,"児童数（３０年５月１日現在）別のクラスを答えてください
※回答肢にあてはまるクラス数をそれぞれ数値で入力してください
　例：２０人以下のクラスが2クラスの場合、2と入力
※該当がない場合は0を入力",２０人以下;２１～２５人;２６～３０人;３１～３５人;３６～４０人
質問224,問14.150,小学校,2019,,199,,,,,,,,,2018,2019,5,,0,１４　昨年度（平成３０年度）の５年生について、入力または当てはまるものを選んでください。,日本語指導が必要な児童の人数（３０年５月１日現在）を次から選んでください,０人;１～３人;４～６人;７～９人;１０人以上
質問225,問14.151,小学校,2019,,200,,,,,,,,,2018,2019,5,,0,１４　昨年度（平成３０年度）の５年生について、入力または当てはまるものを選んでください。,"就学援助を受けていた児童の人数（３１年３月３１日現在）は何人でしたか
※該当がない場合は0を入力",
質問226,問14.152,小学校,2019,,201,,,,,,,,,2018,2019,5,,0,１４　昨年度（平成３０年度）の５年生について、入力または当てはまるものを選んでください。,児童は熱意をもって勉強することができていましたか,できる児童がおおよそ９割以上;できる児童がおおよそ８割以上９割未満;できる児童がおおよそ５割以上８割未満;できる児童がおおよそ５割未満
質問227,問14.153.ア,小学校,2019,,203,,,,,,,,,2018,2019,5,,0,１４　昨年度（平成３０年度）の５年生について、入力または当てはまるものを選んでください。,遅刻,問題ではなかった;小さな問題だった;中くらいの問題だった;深刻な問題だった
質問228,問14.153.イ,小学校,2019,,204,,,,,,,,,2018,2019,5,,0,１４　昨年度（平成３０年度）の５年生について、入力または当てはまるものを選んでください。,不登校,問題ではなかった;小さな問題だった;中くらいの問題だった;深刻な問題だった
質問229,問14.153.ウ,小学校,2019,,205,,,,,,,,,2018,2019,5,,0,１４　昨年度（平成３０年度）の５年生について、入力または当てはまるものを選んでください。,学習規律の確保,問題ではなかった;小さな問題だった;中くらいの問題だった;深刻な問題だった
質問230,問14.153.エ,小学校,2019,,206,,,,,,,,,2018,2019,5,,0,１４　昨年度（平成３０年度）の５年生について、入力または当てはまるものを選んでください。,暴力行為や児童同士のトラブル,問題ではなかった;小さな問題だった;中くらいの問題だった;深刻な問題だった
質問231,問15.154,小学校,2019,,208,,,,,,,,,2018,2019,5,,0,１５　昨年度（平成３０年度）の５年生に対する指導について、当てはまるものを選んでください。（１６０，１６１は３つまで選んでください）,学力向上や学習の定着等を目的に取り組んできたことについて、次の事項のうち最も重視して取り組んだものとして、当てはまるものを選んでください,朝読書などの一斉読書の時間;学校図書館を活用した授業;ＩＣＴを活用した授業;放課後等を利用した補充的な学習サポート;土曜日等を利用した補充的な学習サポート
質問232,問15.155,小学校,2019,,209,,,,,,,,,2018,2019,5,,0,１５　昨年度（平成３０年度）の５年生に対する指導について、当てはまるものを選んでください。（１６０，１６１は３つまで選んでください）,長期休業日を利用した補充的な学習サポートを実施しましたか（夏休みや冬休み、春休みなどの長期休業日のうち、補充的な学習サポートを実施した日数の累計について、当てはまるものを選んでください）,延べ１３日以上;延べ９日から１２日;延べ５日から８日;１日から延べ４日;行っていない
質問233,問15.156,小学校,2019,,210,,,,,,,,,2018,2019,5,,0,１５　昨年度（平成３０年度）の５年生に対する指導について、当てはまるものを選んでください。（１６０，１６１は３つまで選んでください）,家庭学習の課題（宿題）を計画的に与えましたか,よく行った;どちらかといえば行った;あまり行っていない;全く行っていない
質問234,問15.157,小学校,2019,,211,,,,,,,,,2018,2019,5,,0,１５　昨年度（平成３０年度）の５年生に対する指導について、当てはまるものを選んでください。（１６０，１６１は３つまで選んでください）,与えた家庭学習の課題（長期休業期間中の課題を除きます）についての評価・指導を計画的に行いましたか,よく行った;どちらかといえば行った;あまり行っていない;全く行っていない
質問235,問15.158,小学校,2019,,212,,,,,,,,,2018,2019,5,,0,１５　昨年度（平成３０年度）の５年生に対する指導について、当てはまるものを選んでください。（１６０，１６１は３つまで選んでください）,家庭学習の取組として、調べたり文章を書いたりしてくる課題（宿題）を与えましたか,よく行った;どちらかといえば行った;あまり行っていない;全く行っていない
質問236,問15.159,小学校,2019,,213,,,,,,,,,2018,2019,5,,0,１５　昨年度（平成３０年度）の５年生に対する指導について、当てはまるものを選んでください。（１６０，１６１は３つまで選んでください）,家庭学習の取組として、家庭での学習方法等を具体的な例を挙げながら教えましたか,よく行った;どちらかといえば行った;あまり行っていない;全く行っていない
質問237,問15.160,小学校,2019,,214,,,,,,,,,2018,2019,5,,0,１５　昨年度（平成３０年度）の５年生に対する指導について、当てはまるものを選んでください。（１６０，１６１は３つまで選んでください）,基礎的・基本的な知識及び技能の習得の授業について、次の事項のうち特に重視して取り組んだものとして、当てはまるものを３つまで選んでください,補助教材の活用（市販ドリル等を含む）;小テストの活用;ワークシートの活用;ＩＣＴの活用;意見の発表;グループでの活動;その他
質問238,問15.161,小学校,2019,,215,,,,,,,,,2018,2019,5,,0,１５　昨年度（平成３０年度）の５年生に対する指導について、当てはまるものを選んでください。（１６０，１６１は３つまで選んでください）,習得した知識・技能を活用して課題を解決するために必要な思考力・判断力・表現力等の育成の授業について、次の事項のうち特に重視して取り組んだものとして、当てはまるものを３つまで選んでください,補助教材の活用（市販ドリル等を含む）;小テストの活用;ワークシートの活用;ＩＣＴの活用;意見の発表;グループでの活動;その他
質問239,問16.162,小学校,2019,,217,,,,,,,,,2018,2019,5,国語,0,１６　昨年度（平成３０年度）の５年生に対する国語の指導について、当てはまるものを選んでください。,習熟の遅い児童に対して、学習内容が習得できるよう、少人数による指導を年間どのくらい計画的に取り入れましたか,年間の授業のうちおおよそ３／４以上で行った;年間の授業のうちおおよそ１／２以上３／４未満で行った;年間の授業のうちおおよそ１／４以上１／２未満で行った;年間の授業のうちおおよそ１／４未満で行った;行っていない
質問240,問16.163,小学校,2019,,218,,,,,,,,,2018,2019,5,国語,0,１６　昨年度（平成３０年度）の５年生に対する国語の指導について、当てはまるものを選んでください。,習熟の早い児童に対して、少人数による指導を行い、発展的な内容を扱った指導を計画的に取り入れましたか,年間の授業のうちおおよそ３／４以上で行った;年間の授業のうちおおよそ１／２以上３／４未満で行った;年間の授業のうちおおよそ１／４以上１／２未満で行った;年間の授業のうちおおよそ１／４未満で行った;行っていない
質問241,問16.164,小学校,2019,,219,,,,,,,,,2018,2019,5,国語,0,１６　昨年度（平成３０年度）の５年生に対する国語の指導について、当てはまるものを選んでください。,習熟度に応じた少人数指導を行うときの学習集団（いわゆる習熟度別グループ）の児童数は何人ですか（最も人数が少ない学習集団の人数を答えてください）※該当がない場合は0を入力,
質問242,問16.165,小学校,2019,,220,,,,,,,,,2018,2019,5,国語,0,１６　昨年度（平成３０年度）の５年生に対する国語の指導について、当てはまるものを選んでください。,学級内でグループ活動（ペア活動を除く）を行うときのグループの人数を選んでください,３人;４人;５人;６人以上;課題によって人数を変える
質問243,問16.166,小学校,2019,,221,,,,,,,,,2018,2019,5,国語,0,１６　昨年度（平成３０年度）の５年生に対する国語の指導について、当てはまるものを選んでください。,ティーム・ティーチングによる指導を取り入れましたか,年間の授業のうちおおよそ３／４以上で行った;年間の授業のうちおおよそ１／２以上３／４未満で行った;年間の授業のうちおおよそ１／４以上１／２未満で行った;年間の授業のうちおおよそ１／４未満で行った;行っていない
質問244,問16.167,小学校,2019,,222,,,,,,,,,2018,2019,5,国語,0,１６　昨年度（平成３０年度）の５年生に対する国語の指導について、当てはまるものを選んでください。,補充的な学習の指導を計画的に取り入れましたか,年間の授業のうちおおよそ３／４以上で行った;年間の授業のうちおおよそ１／２以上３／４未満で行った;年間の授業のうちおおよそ１／４以上１／２未満で行った;年間の授業のうちおおよそ１／４未満で行った;行っていない
質問245,問16.168,小学校,2019,,223,,,,,,,,,2018,2019,5,国語,0,１６　昨年度（平成３０年度）の５年生に対する国語の指導について、当てはまるものを選んでください。,発展的な学習の指導を計画的に取り入れましたか,年間の授業のうちおおよそ３／４以上で行った;年間の授業のうちおおよそ１／２以上３／４未満で行った;年間の授業のうちおおよそ１／４以上１／２未満で行った;年間の授業のうちおおよそ１／４未満で行った;行っていない
質問246,問16.169,小学校,2019,,224,,,,,,,,,2018,2019,5,国語,0,１６　昨年度（平成３０年度）の５年生に対する国語の指導について、当てはまるものを選んでください。,学習規律（私語をしない、話をしている人の方を向いて聞く、聞き手に向かって話をする、授業開始のチャイムを守るなど）を維持する指導を行っていましたか,年間の授業のうちおおよそ３／４以上で行った;年間の授業のうちおおよそ１／２以上３／４未満で行った;年間の授業のうちおおよそ１／４以上１／２未満で行った;年間の授業のうちおおよそ１／４未満で行った;行っていない
質問247,問16.170,小学校,2019,,225,,,,,,,,,2018,2019,5,国語,0,１６　昨年度（平成３０年度）の５年生に対する国語の指導について、当てはまるものを選んでください。,学習方法（ノートの取り方、間違ったところを振り返って学習すること、目標・計画の立て方、自分をやる気にする方法など）に関する指導を行っていましたか,年間の授業のうちおおよそ３／４以上で行った;年間の授業のうちおおよそ１／２以上３／４未満で行った;年間の授業のうちおおよそ１／４以上１／２未満で行った;年間の授業のうちおおよそ１／４未満で行った;行っていない
質問248,問16.171,小学校,2019,,226,,,,,,,,,2018,2019,5,国語,0,１６　昨年度（平成３０年度）の５年生に対する国語の指導について、当てはまるものを選んでください。,授業の課題解決の場面では、意欲的に取り組んでいる児童の割合はどのくらいであることが多かったですか,おおよそ３／４以上の児童で当てはまる;おおよそ１／２以上３／４未満の児童で当てはまる;おおよそ１／４以上１／２未満の児童で当てはまる;おおよそ１／４未満の児童で当てはまる
質問249,問16.172,小学校,2019,,227,,,,,,,,,2018,2019,5,国語,0,１６　昨年度（平成３０年度）の５年生に対する国語の指導について、当てはまるものを選んでください。,ワークシートや資料、模型などの具体物を使って、児童の様々な考えを引き出すための指導の工夫を行っていましたか,年間の授業のうちおおよそ３／４以上で行った;年間の授業のうちおおよそ１／２以上３／４未満で行った;年間の授業のうちおおよそ１／４以上１／２未満で行った;年間の授業のうちおおよそ１／４未満で行った;行っていない
質問250,問16.173,小学校,2019,,228,,,,,,,,,2018,2019,5,国語,0,１６　昨年度（平成３０年度）の５年生に対する国語の指導について、当てはまるものを選んでください。,児童に理由を付けて考えを発表させたり、書かせたりする指導を行っていましたか,年間の授業のうちおおよそ３／４以上で行った;年間の授業のうちおおよそ１／２以上３／４未満で行った;年間の授業のうちおおよそ１／４以上１／２未満で行った;年間の授業のうちおおよそ１／４未満で行った;行っていない
質問251,問16.174,小学校,2019,,229,,,,,,,,,2018,2019,5,国語,0,１６　昨年度（平成３０年度）の５年生に対する国語の指導について、当てはまるものを選んでください。,授業のまとめの場面では、次の授業につながる新たな問いや疑問、次の授業で調べたいことを児童に書かせましたか,年間の授業のうちおおよそ３／４以上で行った;年間の授業のうちおおよそ１／２以上３／４未満で行った;年間の授業のうちおおよそ１／４以上１／２未満で行った;年間の授業のうちおおよそ１／４未満で行った;行っていない
質問252,問16.175,小学校,2019,,230,,,,,,,,,2018,2019,5,国語,0,１６　昨年度（平成３０年度）の５年生に対する国語の指導について、当てはまるものを選んでください。,授業や単元（小単元）のまとめの場面では、学習した内容をどのように活用できるかを児童に書かせましたか,年間の授業のうちおおよそ３／４以上で行った;年間の授業のうちおおよそ１／２以上３／４未満で行った;年間の授業のうちおおよそ１／４以上１／２未満で行った;年間の授業のうちおおよそ１／４未満で行った;行っていない
質問253,問16.176,小学校,2019,,231,,,,,,,,,2018,2019,5,国語,0,１６　昨年度（平成３０年度）の５年生に対する国語の指導について、当てはまるものを選んでください。,上記No１７４，１７５の場面で、ノートやプリントに書かせた児童の考えを教師が確認していましたか,記述させたときのおおよそ３／４以上で確認した;記述させたときのおおよそ１／２以上３／４未満で確認した;記述させたときのおおよそ１／４以上１／２未満で確認した;記述させたときのおおよそ１／４未満で確認した;行っていない
質問254,問16.177,小学校,2019,,232,,,,,,,,,2018,2019,5,国語,0,１６　昨年度（平成３０年度）の５年生に対する国語の指導について、当てはまるものを選んでください。,授業の中でドリルなどを使った練習問題を行っていましたか,年間の授業のうちおおよそ３／４以上で行った;年間の授業のうちおおよそ１／２以上３／４未満で行った;年間の授業のうちおおよそ１／４以上１／２未満で行った;年間の授業のうちおおよそ１／４未満で行った;行っていない
質問255,問16.178,小学校,2019,,233,,,,,,,,,2018,2019,5,国語,0,１６　昨年度（平成３０年度）の５年生に対する国語の指導について、当てはまるものを選んでください。,グループで活動する場面では、一部の児童の考えだけでなく、全ての児童が考えを出し合って課題を解決していましたか,おおよそ３／４以上のグループで当てはまる;おおよそ１／２以上３／４未満のグループで当てはまる;おおよそ１／４以上１／２未満のグループで当てはまる;おおよそ１／４未満のグループで当てはまる
質問256,問16.179,小学校,2019,,234,,,,,,,,,2018,2019,5,国語,0,１６　昨年度（平成３０年度）の５年生に対する国語の指導について、当てはまるものを選んでください。,授業ごとに学習の目標（めあて）を示した後に、児童自ら解決の方法を考えさせる発問をしていましたか,当てはまる;どちらかといえば当てはまる;どちらともいえない;どちらかといえば当てはまらない;当てはまらない
質問257,問16.180,小学校,2019,,235,,,,,,,,,2018,2019,5,国語,0,１６　昨年度（平成３０年度）の５年生に対する国語の指導について、当てはまるものを選んでください。,グループで活動する場面では、教師の予想以上に児童の考えが広がったり深まったりして、時間が足りなくなったことがありましたか,なかった;あまりなかった;どちらともいえない;どちらかといえばあった;よくあった
質問258,問16.181,小学校,2019,,236,,,,,,,,,2018,2019,5,国語,0,１６　昨年度（平成３０年度）の５年生に対する国語の指導について、当てはまるものを選んでください。,授業の課題解決の場面では、児童同士が互いの考えを比較検討しながら、他の児童の考えを取り入れて解決させるよう努めていましたか,当てはまる;どちらかといえば、当てはまる;どちらともいえない;どちらかといえば、当てはまらない;当てはまらない
質問259,問16.182,小学校,2019,,237,,,,,,,,,2018,2019,5,国語,0,１６　昨年度（平成３０年度）の５年生に対する国語の指導について、当てはまるものを選んでください。,思考を深める板書（授業の全体像と思考の流れが分かる、振り返りができるなど）を行っていましたか,年間の授業のうちおおよそ３／４以上で行った;年間の授業のうちおおよそ１／２以上３／４未満で行った;年間の授業のうちおおよそ１／４以上１／２未満で行った;年間の授業のうちおおよそ１／４未満で行った;行っていない
質問260,問17.183,小学校,2019,,239,,,,,,,,,2018,2019,5,算数,0,１７　昨年度（平成３０年度）の５年生に対する算数の指導について、当てはまるものを選んでください。,習熟の遅い児童に対して、学習内容が習得できるよう、少人数による指導を年間どのくらい計画的に取り入れましたか,年間の授業のうちおおよそ３／４以上で行った;年間の授業のうちおおよそ１／２以上３／４未満で行った;年間の授業のうちおおよそ１／４以上１／２未満で行った;年間の授業のうちおおよそ１／４未満で行った;行っていない
質問261,問17.184,小学校,2019,,240,,,,,,,,,2018,2019,5,算数,0,１７　昨年度（平成３０年度）の５年生に対する算数の指導について、当てはまるものを選んでください。,習熟の早い児童に対して、少人数による指導を行い、発展的な内容を扱った指導を計画的に取り入れましたか,年間の授業のうちおおよそ３／４以上で行った;年間の授業のうちおおよそ１／２以上３／４未満で行った;年間の授業のうちおおよそ１／４以上１／２未満で行った;年間の授業のうちおおよそ１／４未満で行った;行っていない
質問262,問17.185,小学校,2019,,241,,,,,,,,,2018,2019,5,算数,0,１７　昨年度（平成３０年度）の５年生に対する算数の指導について、当てはまるものを選んでください。,習熟度に応じた少人数指導を行うときの学習集団（いわゆる習熟度別グループ）の児童数は何人ですか（最も人数が少ない学習集団の人数を答えてください）※該当がない場合は0を入力,
質問263,問17.186,小学校,2019,,242,,,,,,,,,2018,2019,5,算数,0,１７　昨年度（平成３０年度）の５年生に対する算数の指導について、当てはまるものを選んでください。,学級内でグループ活動（ペア活動を除く）を行うときのグループの人数を選んでください,３人;４人;５人;６人以上;課題によって人数を変える
質問264,問17.187,小学校,2019,,243,,,,,,,,,2018,2019,5,算数,0,１７　昨年度（平成３０年度）の５年生に対する算数の指導について、当てはまるものを選んでください。,ティーム・ティーチングによる指導を取り入れましたか,年間の授業のうちおおよそ３／４以上で行った;年間の授業のうちおおよそ１／２以上３／４未満で行った;年間の授業のうちおおよそ１／４以上１／２未満で行った;年間の授業のうちおおよそ１／４未満で行った;行っていない
質問265,問17.188,小学校,2019,,244,,,,,,,,,2018,2019,5,算数,0,１７　昨年度（平成３０年度）の５年生に対する算数の指導について、当てはまるものを選んでください。,補充的な学習の指導を計画的に取り入れましたか,年間の授業のうちおおよそ３／４以上で行った;年間の授業のうちおおよそ１／２以上３／４未満で行った;年間の授業のうちおおよそ１／４以上１／２未満で行った;年間の授業のうちおおよそ１／４未満で行った;行っていない
質問266,問17.189,小学校,2019,,245,,,,,,,,,2018,2019,5,算数,0,１７　昨年度（平成３０年度）の５年生に対する算数の指導について、当てはまるものを選んでください。,発展的な学習の指導を計画的に取り入れましたか,年間の授業のうちおおよそ３／４以上で行った;年間の授業のうちおおよそ１／２以上３／４未満で行った;年間の授業のうちおおよそ１／４以上１／２未満で行った;年間の授業のうちおおよそ１／４未満で行った;行っていない
質問267,問17.190,小学校,2019,,246,,,,,,,,,2018,2019,5,算数,0,１７　昨年度（平成３０年度）の５年生に対する算数の指導について、当てはまるものを選んでください。,学習規律（私語をしない、話をしている人の方を向いて聞く、聞き手に向かって話をする、授業開始のチャイムを守るなど）を維持する指導を行っていましたか,年間の授業のうちおおよそ３／４以上で行った;年間の授業のうちおおよそ１／２以上３／４未満で行った;年間の授業のうちおおよそ１／４以上１／２未満で行った;年間の授業のうちおおよそ１／４未満で行った;行っていない
質問268,問17.191,小学校,2019,,247,,,,,,,,,2018,2019,5,算数,0,１７　昨年度（平成３０年度）の５年生に対する算数の指導について、当てはまるものを選んでください。,学習方法（ノートの取り方、間違ったところを振り返って学習すること、目標・計画の立て方、自分をやる気にする方法など）に関する指導を行っていましたか,年間の授業のうちおおよそ３／４以上で行った;年間の授業のうちおおよそ１／２以上３／４未満で行った;年間の授業のうちおおよそ１／４以上１／２未満で行った;年間の授業のうちおおよそ１／４未満で行った;行っていない
質問269,問17.192,小学校,2019,,248,,,,,,,,,2018,2019,5,算数,0,１７　昨年度（平成３０年度）の５年生に対する算数の指導について、当てはまるものを選んでください。,授業の課題解決の場面では、意欲的に取り組んでいる児童の割合はどのくらいであることが多かったですか,おおよそ３／４以上の児童で当てはまる;おおよそ１／２以上３／４未満の児童で当てはまる;おおよそ１／４以上１／２未満の児童で当てはまる;おおよそ１／４未満の児童で当てはまる
質問270,問17.193,小学校,2019,,249,,,,,,,,,2018,2019,5,算数,0,１７　昨年度（平成３０年度）の５年生に対する算数の指導について、当てはまるものを選んでください。,ワークシートや資料、模型などの具体物を使って、児童の様々な考えを引き出すための指導の工夫を行っていましたか,年間の授業のうちおおよそ３／４以上で行った;年間の授業のうちおおよそ１／２以上３／４未満で行った;年間の授業のうちおおよそ１／４以上１／２未満で行った;年間の授業のうちおおよそ１／４未満で行った;行っていない
質問271,問17.194,小学校,2019,,250,,,,,,,,,2018,2019,5,算数,0,１７　昨年度（平成３０年度）の５年生に対する算数の指導について、当てはまるものを選んでください。,児童に理由を付けて考えを発表させたり、文章で書かせたり、図やグラフでかかせたりする指導を行っていましたか,年間の授業のうちおおよそ３／４以上で行った;年間の授業のうちおおよそ１／２以上３／４未満で行った;年間の授業のうちおおよそ１／４以上１／２未満で行った;年間の授業のうちおおよそ１／４未満で行った;行っていない
質問272,問17.195,小学校,2019,,251,,,,,,,,,2018,2019,5,算数,0,１７　昨年度（平成３０年度）の５年生に対する算数の指導について、当てはまるものを選んでください。,授業のまとめの場面では、次の授業につながる新たな問いや疑問、次の授業で調べたいことを児童に文章で書かせたり、図やグラフでかかせたりしましたか,年間の授業のうちおおよそ３／４以上で行った;年間の授業のうちおおよそ１／２以上３／４未満で行った;年間の授業のうちおおよそ１／４以上１／２未満で行った;年間の授業のうちおおよそ１／４未満で行った;行っていない
質問273,問17.196,小学校,2019,,252,,,,,,,,,2018,2019,5,算数,0,１７　昨年度（平成３０年度）の５年生に対する算数の指導について、当てはまるものを選んでください。,授業や単元（小単元）のまとめの場面では、学習した内容をどのように活用できるかを児童に文章で書かせたり、図やグラフでかかせたりしましたか,年間の授業のうちおおよそ３／４以上で行った;年間の授業のうちおおよそ１／２以上３／４未満で行った;年間の授業のうちおおよそ１／４以上１／２未満で行った;年間の授業のうちおおよそ１／４未満で行った;行っていない
質問274,問17.197,小学校,2019,,253,,,,,,,,,2018,2019,5,算数,0,１７　昨年度（平成３０年度）の５年生に対する算数の指導について、当てはまるものを選んでください。,上記No１９５，１９６の場面で、ノートやプリントに書かせた児童の考えを教師が確認していましたか,記述させたときのおおよそ３／４以上で確認した;記述させたときのおおよそ１／２以上３／４未満で確認した;記述させたときのおおよそ１／４以上１／２未満で確認した;記述させたときのおおよそ１／４未満で確認した;行っていない
質問275,問17.198,小学校,2019,,254,,,,,,,,,2018,2019,5,算数,0,１７　昨年度（平成３０年度）の５年生に対する算数の指導について、当てはまるものを選んでください。,授業の中でドリルなどを使った練習問題を行っていましたか,年間の授業のうちおおよそ３／４以上で行った;年間の授業のうちおおよそ１／２以上３／４未満で行った;年間の授業のうちおおよそ１／４以上１／２未満で行った;年間の授業のうちおおよそ１／４未満で行った;行っていない
質問276,問17.199,小学校,2019,,255,,,,,,,,,2018,2019,5,算数,0,１７　昨年度（平成３０年度）の５年生に対する算数の指導について、当てはまるものを選んでください。,グループで活動する場面では、一部の児童の考えだけでなく、全ての児童が考えを出し合って課題を解決していましたか,おおよそ３／４以上のグループで当てはまる;おおよそ１／２以上３／４未満のグループで当てはまる;おおよそ１／４以上１／２未満のグループで当てはまる;おおよそ１／４未満のグループで当てはまる
質問277,問17.200,小学校,2019,,256,,,,,,,,,2018,2019,5,算数,0,１７　昨年度（平成３０年度）の５年生に対する算数の指導について、当てはまるものを選んでください。,授業ごとに学習の目標（めあて）を示した後に、児童自ら解決の方法を考えさせる発問をしていましたか,当てはまる;どちらかといえば当てはまる;どちらともいえない;どちらかといえば、当てはまらない;当てはまらない
質問278,問17.201,小学校,2019,,257,,,,,,,,,2018,2019,5,算数,0,１７　昨年度（平成３０年度）の５年生に対する算数の指導について、当てはまるものを選んでください。,グループで活動する場面では、教師の予想以上に児童の考えが広がったり深まったりして、時間が足りなくなったことがありましたか,なかった;あまりなかった;どちらともいえない;どちらかといえばあった;よくあった
質問279,問17.202,小学校,2019,,258,,,,,,,,,2018,2019,5,算数,0,１７　昨年度（平成３０年度）の５年生に対する算数の指導について、当てはまるものを選んでください。,授業の課題解決の場面では、児童同士が互いの考えを比較検討しながら、他の児童の考えを取り入れて解決させるよう努めていましたか,当てはまる;どちらかといえば当てはまる;どちらともいえない;どちらかといえば、当てはまらない;当てはまらない
質問280,問17.203,小学校,2019,,259,,,,,,,,,2018,2019,5,算数,0,１７　昨年度（平成３０年度）の５年生に対する算数の指導について、当てはまるものを選んでください。,思考を深める板書（授業の全体像と思考の流れが分かる、振り返りができるなど）を行っていましたか,年間の授業のうちおおよそ３／４以上で行った;年間の授業のうちおおよそ１／２以上３／４未満で行った;年間の授業のうちおおよそ１／４以上１／２未満で行った;年間の授業のうちおおよそ１／４未満で行った;行っていない
質問281,問18.204,小学校,2019,,261,,,,,,,,,2018,2019,6,,0,１８　昨年度（平成３０年度）の６年生について、入力または当てはまるものを選んでください。,"児童数（３０年５月１日現在）は何人でしたか
※該当がない場合は0を入力",
質問282,問18.205　２０人以下,小学校,2019,問18.205,262,,,,,,,,,2018,2019,6,,0,１８　昨年度（平成３０年度）の６年生について、入力または当てはまるものを選んでください。,"児童数（３０年５月１日現在）別のクラスを答えてください
※回答肢にあてはまるクラス数をそれぞれ数値で入力してください
　例：２０人以下のクラスが2クラスの場合、2と入力
※該当がない場合は0を入力",２０人以下;２１～２５人;２６～３０人;３１～３５人;３６～４０人
質問283,問18.205　２１～２５人,小学校,2019,問18.205,262,,,,,,,,,2018,2019,6,,0,１８　昨年度（平成３０年度）の６年生について、入力または当てはまるものを選んでください。,"児童数（３０年５月１日現在）別のクラスを答えてください
※回答肢にあてはまるクラス数をそれぞれ数値で入力してください
　例：２０人以下のクラスが2クラスの場合、2と入力
※該当がない場合は0を入力",２０人以下;２１～２５人;２６～３０人;３１～３５人;３６～４０人
質問284,問18.205　２６～３０人,小学校,2019,問18.205,262,,,,,,,,,2018,2019,6,,0,１８　昨年度（平成３０年度）の６年生について、入力または当てはまるものを選んでください。,"児童数（３０年５月１日現在）別のクラスを答えてください
※回答肢にあてはまるクラス数をそれぞれ数値で入力してください
　例：２０人以下のクラスが2クラスの場合、2と入力
※該当がない場合は0を入力",２０人以下;２１～２５人;２６～３０人;３１～３５人;３６～４０人
質問285,問18.205　３１～３５人,小学校,2019,問18.205,262,,,,,,,,,2018,2019,6,,0,１８　昨年度（平成３０年度）の６年生について、入力または当てはまるものを選んでください。,"児童数（３０年５月１日現在）別のクラスを答えてください
※回答肢にあてはまるクラス数をそれぞれ数値で入力してください
　例：２０人以下のクラスが2クラスの場合、2と入力
※該当がない場合は0を入力",２０人以下;２１～２５人;２６～３０人;３１～３５人;３６～４０人
質問286,問18.205　３６～４０人,小学校,2019,問18.205,262,,,,,,,,,2018,2019,6,,0,１８　昨年度（平成３０年度）の６年生について、入力または当てはまるものを選んでください。,"児童数（３０年５月１日現在）別のクラスを答えてください
※回答肢にあてはまるクラス数をそれぞれ数値で入力してください
　例：２０人以下のクラスが2クラスの場合、2と入力
※該当がない場合は0を入力",２０人以下;２１～２５人;２６～３０人;３１～３５人;３６～４０人
質問287,問18.206,小学校,2019,,263,,,,,,,,,2018,2019,6,,0,１８　昨年度（平成３０年度）の６年生について、入力または当てはまるものを選んでください。,日本語指導が必要な児童の人数（３０年５月１日現在）を次から選んでください,０人;１～３人;４～６人;７～９人;１０人以上
質問288,問18.207,小学校,2019,,264,,,,,,,,,2018,2019,6,,0,１８　昨年度（平成３０年度）の６年生について、入力または当てはまるものを選んでください。,"就学援助を受けていた児童の人数（３１年３月３１日現在）は何人でしたか
※該当がない場合は0を入力",
質問289,問18.208,小学校,2019,,265,,,,,,,,,2018,2019,6,,0,１８　昨年度（平成３０年度）の６年生について、入力または当てはまるものを選んでください。,児童は熱意をもって勉強することができていましたか,できる児童がおおよそ９割以上;できる児童がおおよそ８割以上９割未満;できる児童がおおよそ５割以上８割未満;できる児童がおおよそ５割未満
質問290,問18.209.ア,小学校,2019,,267,,,,,,,,,2018,2019,6,,0,１８　昨年度（平成３０年度）の６年生について、入力または当てはまるものを選んでください。,遅刻,問題ではなかった;小さな問題だった;中くらいの問題だった;深刻な問題だった
質問291,問18.209.イ,小学校,2019,,268,,,,,,,,,2018,2019,6,,0,１８　昨年度（平成３０年度）の６年生について、入力または当てはまるものを選んでください。,不登校,問題ではなかった;小さな問題だった;中くらいの問題だった;深刻な問題だった
質問292,問18.209.ウ,小学校,2019,,269,,,,,,,,,2018,2019,6,,0,１８　昨年度（平成３０年度）の６年生について、入力または当てはまるものを選んでください。,学習規律の確保,問題ではなかった;小さな問題だった;中くらいの問題だった;深刻な問題だった
質問293,問18.209.エ,小学校,2019,,270,,,,,,,,,2018,2019,6,,0,１８　昨年度（平成３０年度）の６年生について、入力または当てはまるものを選んでください。,暴力行為や児童同士のトラブル,問題ではなかった;小さな問題だった;中くらいの問題だった;深刻な問題だった
質問294,問19.210,小学校,2019,,272,,,,,,,,,2018,2019,all,,0,１９　昨年度（平成３０年度）の保護者等への働きかけについて、当てはまるものを選んでください。（２１２は複数回答が可能です。２１３は３つまで選んでください。）,ＰＴＡや地域の人が学校の諸活動にボランティアとして参加してくれましたか,よく参加してくれた;どちらかといえば参加してくれた;あまり参加してくれなかった;全く参加してくれなかった
質問295,問19.211,小学校,2019,,273,,,,,,,,,2018,2019,all,,0,１９　昨年度（平成３０年度）の保護者等への働きかけについて、当てはまるものを選んでください。（２１２は複数回答が可能です。２１３は３つまで選んでください。）,保護者や地域の人の学校を支援する活動は、学校の教育水準の向上に効果がありましたか,そのとおりだと思う;どちらかといえばそう思う;どちらかといえばそう思わない;そう思わない
質問296,問19.212,小学校,2019,,274,,,,,,,,,2018,2019,all,,0,１９　昨年度（平成３０年度）の保護者等への働きかけについて、当てはまるものを選んでください。（２１２は複数回答が可能です。２１３は３つまで選んでください。）,"学校の教育活動を保護者や地域の人にどのような方法で公開していますか
（複数回答可）",学校・学年だより等;ホームページ;参観日;学校行事
質問297,問19.213,小学校,2019,,275,,,,,,,,,2018,2019,all,,0,１９　昨年度（平成３０年度）の保護者等への働きかけについて、当てはまるものを選んでください。（２１２は複数回答が可能です。２１３は３つまで選んでください。）,保護者への働きかけとして取り組んだことのうち、次の事項のうち最も重視して取り組んだものとして、当てはまるものを３つまで選んでください,家庭学習について;朝食の摂取や睡眠時間等の基本的な生活習慣について;読書時間について;携帯電話やテレビゲームなどの使用等について;家庭生活（お手伝い、親子の会話など）について
質問298,問20.214,小学校,2019,,277,,,,,,,,,2018,2019,all,,0,２０　昨年度（平成３０年度）の「復習シート」の活用状況について、当てはまる方を選んでください。,授業中に、学習内容の定着を見届けるために使った。,はい;いいえ
質問299,問20.215,小学校,2019,,278,,,,,,,,,2018,2019,all,,0,２０　昨年度（平成３０年度）の「復習シート」の活用状況について、当てはまる方を選んでください。,朝学習や放課後の補習などで使った。,はい;いいえ
質問300,問20.216,小学校,2019,,279,,,,,,,,,2018,2019,all,,0,２０　昨年度（平成３０年度）の「復習シート」の活用状況について、当てはまる方を選んでください。,家庭学習用の課題（宿題）として使った。,はい;いいえ
質問301,問.217,小学校,2019,,281,,,,,,,,,2018,2019,all,,0,２１　昨年度（平成３０年度）の調査結果の分析や、その結果の活用状況について、当てはまる方を選んでください。,調査結果を、前年度の学級に並べ替えた（市町村教委が並べ替えを行い、その結果を提供された場合も含む）。　　,はい;いいえ
質問302,問.218,小学校,2019,,282,,,,,,,,,2018,2019,all,,0,２１　昨年度（平成３０年度）の調査結果の分析や、その結果の活用状況について、当てはまる方を選んでください。,並べ替えた調査結果を基に、学力や非認知能力、学習方略を大きく伸ばした前年度の学級担任や教科担任を把握した。,はい;いいえ
質問303,問.219,小学校,2019,,283,,,,,,,,,2018,2019,all,,0,２１　昨年度（平成３０年度）の調査結果の分析や、その結果の活用状況について、当てはまる方を選んでください。,授業改善のためのきっかけの一つとして、前年度の各学級に並べ替えた結果を、前年度のそれぞれの学級担任または教科担任に伝えた。,はい;いいえ
質問304,問.220,小学校,2019,,284,,,,,,,,,2018,2019,all,,0,２１　昨年度（平成３０年度）の調査結果の分析や、その結果の活用状況について、当てはまる方を選んでください。,前年度の各学級に並べ替えた結果を、前年度の学級担任や教科担任のうち、学力や非認知能力、学習方略を大きく伸ばした教員にのみ伝えた。,はい;いいえ
質問305,問.221,小学校,2019,,285,,,,,,,,,2018,2019,all,,0,２１　昨年度（平成３０年度）の調査結果の分析や、その結果の活用状況について、当てはまる方を選んでください。,学力や非認知能力、学習方略を大きく伸ばした教員から、伸ばした要因等について把握するための聞き取りなどを行い、その結果を全教員で共有した。,はい;いいえ
質問306,問.222,小学校,2019,,286,,,,,,,,,2018,2019,all,,0,２１　昨年度（平成３０年度）の調査結果の分析や、その結果の活用状況について、当てはまる方を選んでください。,共有した内容を基に、全教員で話し合うなどの研修を行った。,はい;いいえ
質問307,問.223,小学校,2019,,287,,,,,,,,,2018,2019,all,,0,２１　昨年度（平成３０年度）の調査結果の分析や、その結果の活用状況について、当てはまる方を選んでください。,共有した内容が、具体的な授業改善に活かされた。,はい;いいえ
