,,,,,2018中学校,,,,,,,,,,,,,,,,
,,,,,2018中学校!AN:AN,,,,,,,,,41,42,43,44,45,46,47,48
key1,key2,school_type,year,qes_final_mod,qes_final,adhoc_year_target,adhoc_year_answer,adhoc_grade,adhoc_subject,adhoc_category,adhoc_explanation1,adhoc_explanation2,adhoc_answer,year_target,year_answer,grade,subject,category,explanation1,explanation2,answer
質問1,問1.1,中学校,2018,,4,,,,,,,,,2017,2018,all,,0,１　昨年度（平成２９年度）の学校について、当てはまるものを選んでください。※（１）のみ平成３０年度の状況を回答,３０年度の全校生徒数（調査日現在）,数値入力
質問2,問1.2,中学校,2018,,5,,,,,,,,,2017,2018,all,,0,１　昨年度（平成２９年度）の学校について、当てはまるものを選んでください。※（１）のみ平成３０年度の状況を回答,クラス替えは、毎年実施していますか。,毎年実施している;隔年で実施している;実施していない;その他
質問3,問1.2　記述,中学校,2018,6,6,,,,,,,,,2017,2018,all,,0,１　昨年度（平成２９年度）の学校について、当てはまるものを選んでください。※（１）のみ平成３０年度の状況を回答,クラス替えは、毎年実施していますか。**その他の場合に記入,文字入力
質問4,問1.2.ア,中学校,2018,,7,,,7,,,,,,2017,2018,7,,0,１　昨年度（平成２９年度）の学校について、当てはまるものを選んでください。※（１）のみ平成３０年度の状況を回答,平成２９年度の１年生のクラスを、どのように決めましたか。,生徒の氏名（五十音順など）からランダムに振り分け;各学級の学力が同じようになるように振り分け;生徒の氏名（五十音順など）からランダムに振り分けるとともに、配慮を要する生徒や生徒同士の人間関係などの申し送り事項を考慮して一部調整;各学級の学力が同じようになるように振り分けるとともに、配慮を要する生徒や生徒同士の人間関係など申し送り事項を考慮して一部調整;実施していない;その他
質問5,問1.2.ア　記述,中学校,2018,8,8,,,7,,,,,,2017,2018,7,,0,１　昨年度（平成２９年度）の学校について、当てはまるものを選んでください。※（１）のみ平成３０年度の状況を回答,平成２９年度の１年生のクラスを、どのように決めましたか。**その他の場合に記入,文字入力
質問6,問1.2.イ,中学校,2018,,9,,,8,,,,,,2017,2018,8,,0,１　昨年度（平成２９年度）の学校について、当てはまるものを選んでください。※（１）のみ平成３０年度の状況を回答,平成２９年度の２年生のクラスを、どのように決めましたか。,生徒の氏名（五十音順など）からランダムに振り分け;各学級の学力が同じようになるように振り分け;生徒の氏名（五十音順など）からランダムに振り分けるとともに、配慮を要する生徒や生徒同士の人間関係などの申し送り事項を考慮して一部調整;各学級の学力が同じようになるように振り分けるとともに、配慮を要する生徒や生徒同士の人間関係など申し送り事項を考慮して一部調整;実施していない;その他
質問7,問1.2.イ　記述,中学校,2018,10,10,,,8,,,,,,2017,2018,8,,0,１　昨年度（平成２９年度）の学校について、当てはまるものを選んでください。※（１）のみ平成３０年度の状況を回答,平成２９年度の２年生のクラスを、どのように決めましたか。**その他の場合に記入,文字入力
質問8,問1.2.ウ,中学校,2018,,11,,,9,,,,,,2017,2018,9,,0,１　昨年度（平成２９年度）の学校について、当てはまるものを選んでください。※（１）のみ平成３０年度の状況を回答,平成２９年度の３年生のクラスを、どのように決めましたか。,生徒の氏名（五十音順など）からランダムに振り分け;各学級の学力が同じようになるように振り分け;生徒の氏名（五十音順など）からランダムに振り分けるとともに、配慮を要する生徒や生徒同士の人間関係などの申し送り事項を考慮して一部調整;各学級の学力が同じようになるように振り分けるとともに、配慮を要する生徒や生徒同士の人間関係など申し送り事項を考慮して一部調整;実施していない;その他
質問9,問1.2.ウ　記述,中学校,2018,12,12,,,9,,,,,,2017,2018,9,,0,１　昨年度（平成２９年度）の学校について、当てはまるものを選んでください。※（１）のみ平成３０年度の状況を回答,平成２９年度の３年生のクラスを、どのように決めましたか。**その他の場合に記入,文字入力
質問10,問2.3,中学校,2018,,14,,,,,,,,,2017,2018,all,,0,２　昨年度（平成２９年度）の学力向上に向けた取組について、当てはまるものを選んでください。,生徒の学力について、現状把握と分析を行い、課題を把握しましたか,よく行った;どちらかといえば行った;あまり行っていない;全く行っていない
質問11,問2.4,中学校,2018,,15,,,,,,,,,2017,2018,all,,0,２　昨年度（平成２９年度）の学力向上に向けた取組について、当てはまるものを選んでください。,授業改善の必要性について、共通理解を図りましたか,よく図った;どちらかといえば図った;あまり図っていない;全く図っていない
質問12,問2.5,中学校,2018,,16,,,,,,,,,2017,2018,all,,0,２　昨年度（平成２９年度）の学力向上に向けた取組について、当てはまるものを選んでください。,学校の課題を明確化した上で、目標を重点化しましたか,当てはまる;どちらかといえば当てはまる;あまり当てはまらない;全く当てはまらない
質問13,問2.6,中学校,2018,,17,,,,,,,,,2017,2018,all,,0,２　昨年度（平成２９年度）の学力向上に向けた取組について、当てはまるものを選んでください。,目標達成に向けて、学校の組織的な取組や教職員の具体的な行動が示されていましたか,当てはまる;どちらかといえば当てはまる;あまり当てはまらない;全く当てはまらない
質問14,問2.7,中学校,2018,,18,,,,,,,,,2017,2018,all,,0,２　昨年度（平成２９年度）の学力向上に向けた取組について、当てはまるものを選んでください。,他校の取組や研究を参考にしていましたか,よく参考にした;どちらかといえば参考にした;あまり参考にしていない;全く参考にしていない
質問15,問2.8,中学校,2018,,19,,,,,,,,,2017,2018,all,,0,２　昨年度（平成２９年度）の学力向上に向けた取組について、当てはまるものを選んでください。,学校の現状・分析・課題等について、教職員の間で話し合う機会を設けましたか,よく設けた;どちらかといえば設けた;あまり設けていなかった;全く設けていなかった
質問16,問2.9,中学校,2018,,20,,,,,,,,,2017,2018,all,,0,２　昨年度（平成２９年度）の学力向上に向けた取組について、当てはまるものを選んでください。,校内で教員同士が授業を見合う機会はありましたか,いつでも見合うことができていた;見合うための期間を設定していた;あまり授業を見合う機会はなかった;授業を見合う機会はなかった
質問17,問2.10,中学校,2018,,21,,,,,,,,,2017,2018,all,,0,２　昨年度（平成２９年度）の学力向上に向けた取組について、当てはまるものを選んでください。,県教育委員会（あるいは教育事務所）が学力向上に関して貴校を訪問する回数はどれくらいありましたか（教育事務所が実施している定例の訪問を除きます） , ３回以上;２回;１回;0回
質問18,問2.11,中学校,2018,,22,,,,,,,,,2017,2018,all,,0,２　昨年度（平成２９年度）の学力向上に向けた取組について、当てはまるものを選んでください。,県教育委員会(あるいは教育事務所)が学力向上に関して貴校を訪問する際に、どのようなことが行われていましたか（教育事務所が実施している定例の訪問を除きます。当てはまるもの全てに回答してください）,日常授業の参観と助言;研究授業の参観と助言;研究授業後の協議会への参加;校内研修への支援;学力向上に関する講話;師範授業の実施;訪問されていない
質問19,問2.12,中学校,2018,,23,,,,,,,,,2017,2018,all,,0,２　昨年度（平成２９年度）の学力向上に向けた取組について、当てはまるものを選んでください。,"市町村教育委員会が学力向上に関して貴校を訪問する回数はどれくらいありましたか
※該当がない場合は0を入力",回
質問20,問2.13,中学校,2018,,24,,,,,,,,,2017,2018,all,,0,２　昨年度（平成２９年度）の学力向上に向けた取組について、当てはまるものを選んでください。,市町村教育委員会が学力向上に関して貴校を訪問する際に、どのようなことが行われていましたか（当てはまるもの全てに回答してください）,日常授業の参観と助言;研究授業の参観と助言;研究授業後の協議会への参加;校内研修への支援;学力向上に関する講話;師範授業の実施;訪問されていない
質問21,問2.14,中学校,2018,,25,,,,,,,,,2017,2018,all,,0,２　昨年度（平成２９年度）の学力向上に向けた取組について、当てはまるものを選んでください。,教科等を相互に関連付けて思考力・判断力・表現力等を育む指導について、教職員で共通理解を図りましたか,よく図った;どちらかといえば図った;あまり図っていない;全く図っていない
質問22,問3.15,中学校,2018,,27,,,,,,,,,2017,2018,all,,0,３　昨年度（平成２９年度）の教職員の取組について、当てはまるものを選んでください。,学校の教育目標やその達成に向けた方策について、全教職員の間で共有し、取組に当たっていましたか,よく行った;どちらかといえば行った;あまり行っていない;全く行っていない
質問23,問3.16,中学校,2018,,28,,,,,,,,,2017,2018,all,,0,３　昨年度（平成２９年度）の教職員の取組について、当てはまるものを選んでください。,教職員は，授業研究に意欲を持って取り組んでいましたか,よく取り組んだ;どちらかといえば取り組んだ;あまり取り組んでいない;全く取り組んでいない
質問24,問3.17,中学校,2018,,29,,,,,,,,,2017,2018,all,,0,３　昨年度（平成２９年度）の教職員の取組について、当てはまるものを選んでください。,教職員は、校内外の研修や研究会に参加し、その成果を教育活動に積極的に反映させていましたか,よく行った;どちらかといえば行った;あまり行っていない;全く行っていない
質問25,問3.18,中学校,2018,,30,,,,,,,,,2017,2018,all,,0,３　昨年度（平成２９年度）の教職員の取組について、当てはまるものを選んでください。,教職員と生徒は、互いに友好な関係にありましたか,そう思う;どちらかといえば、そう思う;どちらかといえば、そう思わない;そう思わない
質問26,問3.19,中学校,2018,,31,,,,,,,,,2017,2018,all,,0,３　昨年度（平成２９年度）の教職員の取組について、当てはまるものを選んでください。,教職員同士が、お互いに助け合う協力的な雰囲気がありましたか,そう思う;どちらかといえば、そう思う;どちらかといえば、そう思わない;そう思わない
質問27,問3.20,中学校,2018,,32,,,,,,,,,2017,2018,all,,0,３　昨年度（平成２９年度）の教職員の取組について、当てはまるものを選んでください。,教職員は、学校の意思決定に積極的に参加していましたか,積極的に参加していた;参加していた;あまり、参加していなかった;全く参加していなかった
質問28,問3.21,中学校,2018,,33,,,,,,,,,2017,2018,all,,0,３　昨年度（平成２９年度）の教職員の取組について、当てはまるものを選んでください。,学級・学年運営の状況や課題を全教職員の間で共有し、学校として組織的に取り組みましたか,よく行った;どちらかといえば行った;あまり行っていない;全く行っていない
質問29,問3.22,中学校,2018,,34,,,,,,,,,2017,2018,all,,0,３　昨年度（平成２９年度）の教職員の取組について、当てはまるものを選んでください。,休み時間などの短い時間でも，授業や教育実践に関する話が教員間で交わされていましたか  ,よく行われていた;どちらかといえば行われていた;あまり行われていなかった;全く行われていない
質問30,問3.23,中学校,2018,,35,,,,,,,,,2017,2018,all,,0,３　昨年度（平成２９年度）の教職員の取組について、当てはまるものを選んでください。,生徒に対して、自分のよさや成長を実感させるような具体的な活動を行いましたか,よく行った;どちらかといえば行った;あまり行っていない;全く行っていない
質問31,問3.24,中学校,2018,,36,,,,,,,,,2017,2018,all,,0,３　昨年度（平成２９年度）の教職員の取組について、当てはまるものを選んでください。,生徒一人一人の悩みの相談にのるなどの個人面談を年間何回行いましたか（臨時の相談等は除きます）,４回以上;３回;２回;１回;行っていない
質問32,問3.25,中学校,2018,,37,,,,,,,,,2017,2018,all,,0,３　昨年度（平成２９年度）の教職員の取組について、当てはまるものを選んでください。,生徒に対して、将来就きたい仕事や夢について考えさせるような具体的な活動を行いましたか,よく行った;どちらかといえば行った;あまり行っていない;全く行っていない
質問33,問4.26,中学校,2018,,39,,,,,,,,,2017,2018,all,,0,４　昨年度（平成２９年度）の校内研修・委嘱研究の状況について、当てはまるものを選んでください。（２７，２８は当てはまるもの全て選んでください）,校内研修を年間何回行いましたか,１５回以上;１０回から１４回;５回から９回;１回から４回;行っていない
質問34,問4.27,中学校,2018,,40,,,,,,,,,2017,2018,all,,0,４　昨年度（平成２９年度）の校内研修・委嘱研究の状況について、当てはまるものを選んでください。（２７，２８は当てはまるもの全て選んでください）,校内研修について、実施した内容を選んでください（複数回答可）,国語;社会;数学;理科;音楽;美術;保健体育;技術・家庭;英語;道徳
質問35,問4.28,中学校,2018,,44,,,,,,,,,2017,2018,all,,0,４　昨年度（平成２９年度）の校内研修・委嘱研究の状況について、当てはまるものを選んでください。（２７，２８は当てはまるもの全て選んでください）,国、県、市町村からの委嘱研究について、研究した内容を選んでください（複数回答可）,国語;社会;数学;理科;音楽;美術;保健体育;技術・家庭;英語;道徳
質問36,問4.29,中学校,2018,,48,,,,,,,,,2017,2018,all,,0,４　昨年度（平成２９年度）の校内研修・委嘱研究の状況について、当てはまるものを選んでください。（２７，２８は当てはまるもの全て選んでください）,教科の指導内容や指導方法について、近隣の小学校と教職員の合同研修を年間何回行いましたか,４回以上;３回;２回;１回;行っていない
質問37,問4.30,中学校,2018,,49,,,,,,,,,2017,2018,all,,0,４　昨年度（平成２９年度）の校内研修・委嘱研究の状況について、当てはまるものを選んでください。（２７，２８は当てはまるもの全て選んでください）,研究授業（あるテーマに基づいた授業を他者に見てもらい、意見交換したり助言をもらうもの）をどのくらいの教員が行いましたか,ほぼ全員;２／３程度;半分程度;１／３程度;１，２名程度;行っていない
質問38,問5.31,中学校,2018,,51,,,,,,,,,2017,2018,all,,0,５　昨年度（平成２９年度）の管理職の学校の管理・運営について、当てはまるものを選んでください。,目指す学校像や年度の重点目標等を決めるにあたり、職員会議以外の場で教職員から意見を聴取する機会を設けていましたか,頻繁に設けていた;時々設けていた;あまり設けていなかった;全く設けていなかった
質問39,問5.32,中学校,2018,,52,,,,,,,,,2017,2018,all,,0,５　昨年度（平成２９年度）の管理職の学校の管理・運営について、当てはまるものを選んでください。,教員の授業の様子をどの程度見てまわりましたか,ほぼ毎日;週１回程度;月１回程度;学期に１回程度;半年に１回程度;行っていない
質問40,問5.33,中学校,2018,,53,,,,,,,,,2017,2018,all,,0,５　昨年度（平成２９年度）の管理職の学校の管理・運営について、当てはまるものを選んでください。,授業改善をするために、教員間で話し合うような働きかけをどの程度行いましたか,週１回程度;月１回程度;学期に１回程度;半年に１回程度;行っていない
質問41,問5.34,中学校,2018,,54,,,,,,,,,2017,2018,all,,0,５　昨年度（平成２９年度）の管理職の学校の管理・運営について、当てはまるものを選んでください。,校外での研修の参加を奨励しましたか,積極的に行った;どちらかといえば行った;あまり行っていなかった;全く行っていなかった
質問42,問6.35,中学校,2018,,56,,,,,,,,,2017,2018,7,,0,６　昨年度（平成２９年度）の１年生について、入力または当てはまるものを選んでください。,"生徒数（２９年５月１日現在）は何人でしたか
※該当がない場合は0を入力",数値入力
質問43,問6.36　２０人以下,中学校,2018,,57,,,,,,,,,2017,2018,7,,0,６　昨年度（平成２９年度）の１年生について、入力または当てはまるものを選んでください。,"生徒数（２９年５月１日現在）別のクラス数を答えてください
※回答肢にあてはまるクラス数をそれぞれ数値で入力してください
　例：２０人以下のクラスが2クラスの場合、2と入力
※該当がない場合は0を入力",２０人以下;２１～２５人;２６～３０人;３１～３５人;３６～４０人
質問44,問6.36　２１～２５人,中学校,2018,,57,,,,,,,,,2017,2018,7,,0,６　昨年度（平成２９年度）の１年生について、入力または当てはまるものを選んでください。,"生徒数（２９年５月１日現在）別のクラス数を答えてください
※回答肢にあてはまるクラス数をそれぞれ数値で入力してください
　例：２０人以下のクラスが2クラスの場合、2と入力
※該当がない場合は0を入力",２０人以下;２１～２５人;２６～３０人;３１～３５人;３６～４０人
質問45,問6.36　２６～３０人,中学校,2018,,57,,,,,,,,,2017,2018,7,,0,６　昨年度（平成２９年度）の１年生について、入力または当てはまるものを選んでください。,"生徒数（２９年５月１日現在）別のクラス数を答えてください
※回答肢にあてはまるクラス数をそれぞれ数値で入力してください
　例：２０人以下のクラスが2クラスの場合、2と入力
※該当がない場合は0を入力",２０人以下;２１～２５人;２６～３０人;３１～３５人;３６～４０人
質問46,問6.36　３１～３５人,中学校,2018,,57,,,,,,,,,2017,2018,7,,0,６　昨年度（平成２９年度）の１年生について、入力または当てはまるものを選んでください。,"生徒数（２９年５月１日現在）別のクラス数を答えてください
※回答肢にあてはまるクラス数をそれぞれ数値で入力してください
　例：２０人以下のクラスが2クラスの場合、2と入力
※該当がない場合は0を入力",２０人以下;２１～２５人;２６～３０人;３１～３５人;３６～４０人
質問47,問6.36　３６～４０人,中学校,2018,,57,,,,,,,,,2017,2018,7,,0,６　昨年度（平成２９年度）の１年生について、入力または当てはまるものを選んでください。,"生徒数（２９年５月１日現在）別のクラス数を答えてください
※回答肢にあてはまるクラス数をそれぞれ数値で入力してください
　例：２０人以下のクラスが2クラスの場合、2と入力
※該当がない場合は0を入力",２０人以下;２１～２５人;２６～３０人;３１～３５人;３６～４０人
質問48,問6.37,中学校,2018,,58,,,,,,,,,2017,2018,7,,0,６　昨年度（平成２９年度）の１年生について、入力または当てはまるものを選んでください。,日本語指導が必要な生徒の人数（２９年５月１日現在）を次から選んでください,０人;１～３人;４～６人;７～９人;１０人以上
質問49,問6.38,中学校,2018,,59,,,,,,,,,2017,2018,7,,0,６　昨年度（平成２９年度）の１年生について、入力または当てはまるものを選んでください。,"就学援助を受けていた生徒の人数（３０年３月３１日現在）は何人でしたか
※該当がない場合は0を入力",数値入力
質問50,問6.39,中学校,2018,,60,,,,,,,,,2017,2018,7,,0,６　昨年度（平成２９年度）の１年生について、入力または当てはまるものを選んでください。,生徒は熱意をもって勉強することができていましたか,できる生徒がおおよそ９割以上;できる生徒がおおよそ８割以上９割未満;できる生徒がおおよそ５割以上８割未満;できる生徒がおおよそ５割未満
質問51,問6.40.ア　遅刻,中学校,2018,,62,,,,,,,,,2017,2018,7,,0,６　昨年度（平成２９年度）の１年生について、入力または当てはまるものを選んでください。,遅刻,問題ではなかった;小さな問題だった;中くらいの問題だった;深刻な問題だった
質問52,問6.40.イ　不登校,中学校,2018,,63,,,,,,,,,2017,2018,7,,0,６　昨年度（平成２９年度）の１年生について、入力または当てはまるものを選んでください。,不登校,問題ではなかった;小さな問題だった;中くらいの問題だった;深刻な問題だった
質問53,問6.40.ウ　学習規律の確保,中学校,2018,,64,,,,,,,,,2017,2018,7,,0,６　昨年度（平成２９年度）の１年生について、入力または当てはまるものを選んでください。,学習規律の確保,問題ではなかった;小さな問題だった;中くらいの問題だった;深刻な問題だった
質問54,問6.40.エ　暴力行為や児童同士のトラブル,中学校,2018,,65,,,,,,,,,2017,2018,7,,0,６　昨年度（平成２９年度）の１年生について、入力または当てはまるものを選んでください。,暴力行為や生徒同士のトラブル,問題ではなかった;小さな問題だった;中くらいの問題だった;深刻な問題だった
質問55,問7.41,中学校,2018,,67,,,,,,,,,2017,2018,7,,0,７　昨年度（平成２９年度）の１年生に対する指導について、当てはまるものを選んでください。（４７，４８は３つまで選んでください）,学力向上や学習の定着等を目的に取り組んできたことについて、次の事項のうち最も重視して取り組んだものとして、当てはまるものを選んでください,朝読書などの一斉読書の時間;学校図書館を活用した授業;ＩＣＴを活用した授業;放課後等を利用した補充的な学習サポート;土曜日等を利用した補充的な学習サポート
質問56,問7.42,中学校,2018,,68,,,,,,,,,2017,2018,7,,0,７　昨年度（平成２９年度）の１年生に対する指導について、当てはまるものを選んでください。（４７，４８は３つまで選んでください）,長期休業日を利用した補充的な学習サポートを実施しましたか（夏休みや冬休み、春休みなどの長期休業日のうち、補充的な学習サポートを実施した日数の累計について、当てはまるものを選んでください）,延べ１３日以上;延べ９日から１２日;延べ５日から８日;１日から延べ４日;行っていない
質問57,問7.43,中学校,2018,,69,,,,,,,,,2017,2018,7,,0,７　昨年度（平成２９年度）の１年生に対する指導について、当てはまるものを選んでください。（４７，４８は３つまで選んでください）,家庭学習の課題（宿題）を計画的に与えましたか,よく行った;どちらかといえば行った;あまり行っていない;全く行っていない
質問58,問7.44,中学校,2018,,70,,,,,,,,,2017,2018,7,,0,７　昨年度（平成２９年度）の１年生に対する指導について、当てはまるものを選んでください。（４７，４８は３つまで選んでください）,与えた家庭学習の課題（長期休業期間中の課題を除きます）についての評価・指導を計画的に行いましたか,よく行った;どちらかといえば行った;あまり行っていない;全く行っていない
質問59,問7.45,中学校,2018,,71,,,,,,,,,2017,2018,7,,0,７　昨年度（平成２９年度）の１年生に対する指導について、当てはまるものを選んでください。（４７，４８は３つまで選んでください）,家庭学習の取組として、調べたり文章を書いたりしてくる課題（宿題）を与えましたか,よく行った;どちらかといえば行った;あまり行っていない;全く行っていない
質問60,問7.46,中学校,2018,,72,,,,,,,,,2017,2018,7,,0,７　昨年度（平成２９年度）の１年生に対する指導について、当てはまるものを選んでください。（４７，４８は３つまで選んでください）,家庭学習の取組として、家庭での学習方法等を具体的な例を挙げながら教えましたか,よく行った;どちらかといえば行った;あまり行っていない;全く行っていない
質問61,問7.47,中学校,2018,,73,,,,,,,,,2017,2018,7,,0,７　昨年度（平成２９年度）の１年生に対する指導について、当てはまるものを選んでください。（４７，４８は３つまで選んでください）,基礎的・基本的な知識及び技能の習得の授業について、次の事項のうち特に重視して取り組んだものとして、当てはまるものを３つまで選んでください,補助教材の活用（市販ドリル等を含む）;小テストの活用;ワークシートの活用;ＩＣＴの活用;意見の発表;グループでの活動;その他
質問62,問7.48,中学校,2018,,74,,,,,,,,,2017,2018,7,,0,７　昨年度（平成２９年度）の１年生に対する指導について、当てはまるものを選んでください。（４７，４８は３つまで選んでください）,習得した知識・技能を活用して課題を解決するために必要な思考力・判断力・表現力等の育成の授業について、次の事項のうち特に重視して取り組んだものとして、当てはまるものを３つまで選んでください,補助教材の活用（市販ドリル等を含む）;小テストの活用;ワークシートの活用;ＩＣＴの活用;意見の発表;グループでの活動;その他
質問63,問8.49,中学校,2018,,76,,,,,,,,,2017,2018,7,国語,0,８　昨年度（平成２９年度）の１年生に対する国語の指導について、当てはまるものを選んでください。,習熟の遅い生徒に対して、学習内容が習得できるよう、少人数による指導を年間どのくらい計画的に取り入れましたか,年間の授業のうちおおよそ３／４以上で行った;年間の授業のうちおおよそ１／２以上３／４未満で行った;年間の授業のうちおおよそ１／４以上１／２未満で行った;年間の授業のうちおおよそ１／４未満で行った;行っていない
質問64,問8.50,中学校,2018,,77,,,,,,,,,2017,2018,7,国語,0,８　昨年度（平成２９年度）の１年生に対する国語の指導について、当てはまるものを選んでください。,習熟の早い生徒に対して、少人数による指導を行い、発展的な内容を扱った指導を計画的に取り入れましたか,年間の授業のうちおおよそ３／４以上で行った;年間の授業のうちおおよそ１／２以上３／４未満で行った;年間の授業のうちおおよそ１／４以上１／２未満で行った;年間の授業のうちおおよそ１／４未満で行った;行っていない
質問65,問8.51,中学校,2018,,78,,,,,,,,,2017,2018,7,国語,0,８　昨年度（平成２９年度）の１年生に対する国語の指導について、当てはまるものを選んでください。,"習熟度に応じた少人数指導を行うときの学習集団（いわゆる習熟度別グループ）の生徒数は何人ですか（最も人数が少ない学習集団の人数を答えてください）
※該当がない場合は0を入力",数値入力
質問66,問8.52,中学校,2018,,79,,,,,,,,,2017,2018,7,国語,0,８　昨年度（平成２９年度）の１年生に対する国語の指導について、当てはまるものを選んでください。,学級内でグループ活動（ペア活動を除く）を行うときのグループの人数を選んでください,３人;４人;５人;６人以上;課題によって人数を変える
質問67,問8.53,中学校,2018,,80,,,,,,,,,2017,2018,7,国語,0,８　昨年度（平成２９年度）の１年生に対する国語の指導について、当てはまるものを選んでください。,ティーム・ティーチングによる指導を取り入れましたか,年間の授業のうちおおよそ３／４以上で行った;年間の授業のうちおおよそ１／２以上３／４未満で行った;年間の授業のうちおおよそ１／４以上１／２未満で行った;年間の授業のうちおおよそ１／４未満で行った;行っていない
質問68,問8.54,中学校,2018,,81,,,,,,,,,2017,2018,7,国語,0,８　昨年度（平成２９年度）の１年生に対する国語の指導について、当てはまるものを選んでください。,補充的な学習の指導を計画的に取り入れましたか,年間の授業のうちおおよそ３／４以上で行った;年間の授業のうちおおよそ１／２以上３／４未満で行った;年間の授業のうちおおよそ１／４以上１／２未満で行った;年間の授業のうちおおよそ１／４未満で行った;行っていない
質問69,問8.55,中学校,2018,,82,,,,,,,,,2017,2018,7,国語,0,８　昨年度（平成２９年度）の１年生に対する国語の指導について、当てはまるものを選んでください。,発展的な学習の指導を計画的に取り入れましたか,年間の授業のうちおおよそ３／４以上で行った;年間の授業のうちおおよそ１／２以上３／４未満で行った;年間の授業のうちおおよそ１／４以上１／２未満で行った;年間の授業のうちおおよそ１／４未満で行った;行っていない
質問70,問8.56,中学校,2018,,83,,,,,,,,,2017,2018,7,国語,0,８　昨年度（平成２９年度）の１年生に対する国語の指導について、当てはまるものを選んでください。,学習規律（私語をしない、話をしている人の方を向いて聞く、聞き手に向かって話をする、授業開始のチャイムを守るなど）を維持する指導を行っていましたか,年間の授業のうちおおよそ３／４以上で行った;年間の授業のうちおおよそ１／２以上３／４未満で行った;年間の授業のうちおおよそ１／４以上１／２未満で行った;年間の授業のうちおおよそ１／４未満で行った;行っていない
質問71,問8.57,中学校,2018,,84,,,,,,,,,2017,2018,7,国語,0,８　昨年度（平成２９年度）の１年生に対する国語の指導について、当てはまるものを選んでください。,学習方法（ノートの取り方、間違ったところを振り返って学習すること、目標・計画の立て方、自分をやる気にする方法など）に関する指導を行っていましたか,年間の授業のうちおおよそ３／４以上で行った;年間の授業のうちおおよそ１／２以上３／４未満で行った;年間の授業のうちおおよそ１／４以上１／２未満で行った;年間の授業のうちおおよそ１／４未満で行った;行っていない
質問72,問8.58,中学校,2018,,85,,,,,,,,,2017,2018,7,国語,0,８　昨年度（平成２９年度）の１年生に対する国語の指導について、当てはまるものを選んでください。,授業の課題解決の場面では、意欲的に取り組んでいる生徒の割合はどのくらいであることが多かったですか,おおよそ３／４以上の生徒で当てはまる;おおよそ１／２以上３／４未満の生徒で当てはまる;おおよそ１／４以上１／２未満の生徒で当てはまる;おおよそ１／４未満の生徒で当てはまる
質問73,問8.59,中学校,2018,,86,,,,,,,,,2017,2018,7,国語,0,８　昨年度（平成２９年度）の１年生に対する国語の指導について、当てはまるものを選んでください。,ワークシートや資料、模型などの具体物を使って、生徒の様々な考えを引き出すための指導の工夫を行っていましたか,年間の授業のうちおおよそ３／４以上で行った;年間の授業のうちおおよそ１／２以上３／４未満で行った;年間の授業のうちおおよそ１／４以上１／２未満で行った;年間の授業のうちおおよそ１／４未満で行った;行っていない
質問74,問8.60,中学校,2018,,87,,,,,,,,,2017,2018,7,国語,0,８　昨年度（平成２９年度）の１年生に対する国語の指導について、当てはまるものを選んでください。,生徒に理由を付けて考えを発表させたり、書かせたりする指導を行っていましたか,年間の授業のうちおおよそ３／４以上で行った;年間の授業のうちおおよそ１／２以上３／４未満で行った;年間の授業のうちおおよそ１／４以上１／２未満で行った;年間の授業のうちおおよそ１／４未満で行った;行っていない
質問75,問8.61,中学校,2018,,88,,,,,,,,,2017,2018,7,国語,0,８　昨年度（平成２９年度）の１年生に対する国語の指導について、当てはまるものを選んでください。,授業のまとめの場面では、次の授業につながる新たな問いや疑問、次の授業で調べたいことを生徒に書かせましたか,年間の授業のうちおおよそ３／４以上で行った;年間の授業のうちおおよそ１／２以上３／４未満で行った;年間の授業のうちおおよそ１／４以上１／２未満で行った;年間の授業のうちおおよそ１／４未満で行った;行っていない
質問76,問8.62,中学校,2018,,89,,,,,,,,,2017,2018,7,国語,0,８　昨年度（平成２９年度）の１年生に対する国語の指導について、当てはまるものを選んでください。,授業や単元（小単元）のまとめの場面では、学習した内容をどのように活用できるかを生徒に書かせましたか,年間の授業のうちおおよそ３／４以上で行った;年間の授業のうちおおよそ１／２以上３／４未満で行った;年間の授業のうちおおよそ１／４以上１／２未満で行った;年間の授業のうちおおよそ１／４未満で行った;行っていない
質問77,問8.63,中学校,2018,,90,,,,,,,,,2017,2018,7,国語,0,８　昨年度（平成２９年度）の１年生に対する国語の指導について、当てはまるものを選んでください。,上記No６１，６２の場面で、ノートやプリントに書かせた生徒の考えを教師が確認していましたか,記述させたときのおおよそ３／４以上で確認した;記述させたときのおおよそ１／２以上３／４未満で確認した;記述させたときのおおよそ１／４以上１／２未満で確認した;記述させたときのおおよそ１／４未満で確認した;行っていない
質問78,問8.64,中学校,2018,,91,,,,,,,,,2017,2018,7,国語,0,８　昨年度（平成２９年度）の１年生に対する国語の指導について、当てはまるものを選んでください。,授業の中でワークなどを使った練習問題を行っていましたか,年間の授業のうちおおよそ３／４以上で行った;年間の授業のうちおおよそ１／２以上３／４未満で行った;年間の授業のうちおおよそ１／４以上１／２未満で行った;年間の授業のうちおおよそ１／４未満で行った;行っていない
質問79,問8.65,中学校,2018,,92,,,,,,,,,2017,2018,7,国語,0,８　昨年度（平成２９年度）の１年生に対する国語の指導について、当てはまるものを選んでください。,グループで活動する場面では、一部の生徒の考えだけでなく、全ての生徒が考えを出し合って課題を解決していましたか,おおよそ３／４以上のグループで当てはまる;おおよそ１／２以上３／４未満のグループで当てはまる;おおよそ１／４以上１／２未満のグループで当てはまる;おおよそ１／４未満のグループで当てはまる
質問80,問8.66,中学校,2018,,93,,,,,,,,,2017,2018,7,国語,0,８　昨年度（平成２９年度）の１年生に対する国語の指導について、当てはまるものを選んでください。,授業ごとに学習の目標（めあて）を示した後に、生徒自ら解決の方法を考えさせる発問をしていましたか,当てはまる;どちらかといえば、当てはまる;どちらともいえない;どちらかといえば、当てはまらない;当てはまらない
質問81,問8.67,中学校,2018,,94,,,,,,,,,2017,2018,7,国語,0,８　昨年度（平成２９年度）の１年生に対する国語の指導について、当てはまるものを選んでください。,グループで活動する場面では、教師の予想以上に生徒の考えが広がったり深まったりして、時間が足りなくなったことがありましたか,なかった;あまりなかった;どちらともいえない;どちらかといえばあった;よくあった
質問82,問8.68,中学校,2018,,95,,,,,,,,,2017,2018,7,国語,0,８　昨年度（平成２９年度）の１年生に対する国語の指導について、当てはまるものを選んでください。,授業の課題解決の場面では、生徒同士が互いの考えを比較検討しながら、他の生徒の考えを取り入れて解決させるよう努めていましたか,当てはまる;どちらかといえば、当てはまる;どちらともいえない;どちらかといえば、当てはまらない;当てはまらない
質問83,問8.69,中学校,2018,,96,,,,,,,,,2017,2018,7,国語,0,８　昨年度（平成２９年度）の１年生に対する国語の指導について、当てはまるものを選んでください。,思考を深める板書（授業の全体像と思考の流れが分かる、振り返りができるなど）を行っていましたか,年間の授業のうちおおよそ３／４以上で行った;年間の授業のうちおおよそ１／２以上３／４未満で行った;年間の授業のうちおおよそ１／４以上１／２未満で行った;年間の授業のうちおおよそ１／４未満で行った;行っていない
質問84,問9.70,中学校,2018,,98,,,,,,,,,2017,2018,7,数学,0,９　昨年度（平成２９年度）の１年生に対する数学の指導について、当てはまるものを選んでください。,"習熟の遅い生徒に対して、学習内容が習得できるよう、少人数による指導を年間どのくらい計画的に取り入れましたか
",年間の授業のうちおおよそ３／４以上で行った;年間の授業のうちおおよそ１／２以上３／４未満で行った;年間の授業のうちおおよそ１／４以上１／２未満で行った;年間の授業のうちおおよそ１／４未満で行った;行っていない
質問85,問9.71,中学校,2018,,99,,,,,,,,,2017,2018,7,数学,0,９　昨年度（平成２９年度）の１年生に対する数学の指導について、当てはまるものを選んでください。,習熟の早い生徒に対して、少人数による指導を行い、発展的な内容を扱った指導を計画的に取り入れましたか,年間の授業のうちおおよそ３／４以上で行った;年間の授業のうちおおよそ１／２以上３／４未満で行った;年間の授業のうちおおよそ１／４以上１／２未満で行った;年間の授業のうちおおよそ１／４未満で行った;行っていない
質問86,問9.72,中学校,2018,,100,,,,,,,,,2017,2018,7,数学,0,９　昨年度（平成２９年度）の１年生に対する数学の指導について、当てはまるものを選んでください。,"習熟度に応じた少人数指導を行うときの学習集団（いわゆる習熟度別グループ）の生徒数は何人ですか（最も人数が少ない学習集団の人数を答えてください）
※該当がない場合は0を入力",数値入力
質問87,問9.73,中学校,2018,,101,,,,,,,,,2017,2018,7,数学,0,９　昨年度（平成２９年度）の１年生に対する数学の指導について、当てはまるものを選んでください。,学級内でグループ活動（ペア活動を除く）を行うときのグループの人数を選んでください,３人;４人;５人;６人以上;課題によって人数を変える
質問88,問9.74,中学校,2018,,102,,,,,,,,,2017,2018,7,数学,0,９　昨年度（平成２９年度）の１年生に対する数学の指導について、当てはまるものを選んでください。,ティーム・ティーチングによる指導を取り入れましたか,年間の授業のうちおおよそ３／４以上で行った;年間の授業のうちおおよそ１／２以上３／４未満で行った;年間の授業のうちおおよそ１／４以上１／２未満で行った;年間の授業のうちおおよそ１／４未満で行った;行っていない
質問89,問9.75,中学校,2018,,103,,,,,,,,,2017,2018,7,数学,0,９　昨年度（平成２９年度）の１年生に対する数学の指導について、当てはまるものを選んでください。,補充的な学習の指導を計画的に取り入れましたか,年間の授業のうちおおよそ３／４以上で行った;年間の授業のうちおおよそ１／２以上３／４未満で行った;年間の授業のうちおおよそ１／４以上１／２未満で行った;年間の授業のうちおおよそ１／４未満で行った;行っていない
質問90,問9.76,中学校,2018,,104,,,,,,,,,2017,2018,7,数学,0,９　昨年度（平成２９年度）の１年生に対する数学の指導について、当てはまるものを選んでください。,発展的な学習の指導を計画的に取り入れましたか,年間の授業のうちおおよそ３／４以上で行った;年間の授業のうちおおよそ１／２以上３／４未満で行った;年間の授業のうちおおよそ１／４以上１／２未満で行った;年間の授業のうちおおよそ１／４未満で行った;行っていない
質問91,問9.77,中学校,2018,,105,,,,,,,,,2017,2018,7,数学,0,９　昨年度（平成２９年度）の１年生に対する数学の指導について、当てはまるものを選んでください。,学習規律（私語をしない、話をしている人の方を向いて聞く、聞き手に向かって話をする、授業開始のチャイムを守るなど）を維持する指導を行っていましたか,年間の授業のうちおおよそ３／４以上で行った;年間の授業のうちおおよそ１／２以上３／４未満で行った;年間の授業のうちおおよそ１／４以上１／２未満で行った;年間の授業のうちおおよそ１／４未満で行った;行っていない
質問92,問9.78,中学校,2018,,106,,,,,,,,,2017,2018,7,数学,0,９　昨年度（平成２９年度）の１年生に対する数学の指導について、当てはまるものを選んでください。,学習方法（ノートの取り方、間違ったところを振り返って学習すること、目標・計画の立て方、自分をやる気にする方法など）に関する指導を行っていましたか,年間の授業のうちおおよそ３／４以上で行った;年間の授業のうちおおよそ１／２以上３／４未満で行った;年間の授業のうちおおよそ１／４以上１／２未満で行った;年間の授業のうちおおよそ１／４未満で行った;行っていない
質問93,問9.79,中学校,2018,,107,,,,,,,,,2017,2018,7,数学,0,９　昨年度（平成２９年度）の１年生に対する数学の指導について、当てはまるものを選んでください。,授業の課題解決の場面では、意欲的に取り組んでいる生徒の割合はどのくらいであることが多かったですか,おおよそ３／４以上の生徒で当てはまる;おおよそ１／２以上３／４未満の生徒で当てはまる;おおよそ１／４以上１／２未満の生徒で当てはまる;おおよそ１／４未満の生徒で当てはまる
質問94,問9.80,中学校,2018,,108,,,,,,,,,2017,2018,7,数学,0,９　昨年度（平成２９年度）の１年生に対する数学の指導について、当てはまるものを選んでください。,ワークシートや資料、模型などの具体物を使って、生徒の様々な考えを引き出すための指導の工夫を行っていましたか,年間の授業のうちおおよそ３／４以上で行った;年間の授業のうちおおよそ１／２以上３／４未満で行った;年間の授業のうちおおよそ１／４以上１／２未満で行った;年間の授業のうちおおよそ１／４未満で行った;行っていない
質問95,問9.81,中学校,2018,,109,,,,,,,,,2017,2018,7,数学,0,９　昨年度（平成２９年度）の１年生に対する数学の指導について、当てはまるものを選んでください。,生徒に理由を付けて考えを発表させたり、文章で書かせたり、図やグラフでかかせたりする指導を行っていましたか,年間の授業のうちおおよそ３／４以上で行った;年間の授業のうちおおよそ１／２以上３／４未満で行った;年間の授業のうちおおよそ１／４以上１／２未満で行った;年間の授業のうちおおよそ１／４未満で行った;行っていない
質問96,問9.82,中学校,2018,,110,,,,,,,,,2017,2018,7,数学,0,９　昨年度（平成２９年度）の１年生に対する数学の指導について、当てはまるものを選んでください。,授業のまとめの場面では、次の授業につながる新たな問いや疑問、次の授業で調べたいことを生徒に文章で書かせたり、図やグラフでかかせたりしましたか,年間の授業のうちおおよそ３／４以上で行った;年間の授業のうちおおよそ１／２以上３／４未満で行った;年間の授業のうちおおよそ１／４以上１／２未満で行った;年間の授業のうちおおよそ１／４未満で行った;行っていない
質問97,問9.83,中学校,2018,,111,,,,,,,,,2017,2018,7,数学,0,９　昨年度（平成２９年度）の１年生に対する数学の指導について、当てはまるものを選んでください。,授業や単元（小単元）のまとめの場面では、学習した内容をどのように活用できるかを生徒に文章で書かせたり、図やグラフでかかせたりしましたか,年間の授業のうちおおよそ３／４以上で行った;年間の授業のうちおおよそ１／２以上３／４未満で行った;年間の授業のうちおおよそ１／４以上１／２未満で行った;年間の授業のうちおおよそ１／４未満で行った;行っていない
質問98,問9.84,中学校,2018,,112,,,,,,,,,2017,2018,7,数学,0,９　昨年度（平成２９年度）の１年生に対する数学の指導について、当てはまるものを選んでください。,上記No８２，８３の場面で、ノートやプリントに書かせた生徒の考えを教師が確認していましたか,記述させたときのおおよそ３／４以上で確認した;記述させたときのおおよそ１／２以上３／４未満で確認した;記述させたときのおおよそ１／４以上１／２未満で確認した;記述させたときのおおよそ１／４未満で確認した;行っていない
質問99,問9.85,中学校,2018,,113,,,,,,,,,2017,2018,7,数学,0,９　昨年度（平成２９年度）の１年生に対する数学の指導について、当てはまるものを選んでください。,授業の中で問題集などを使った練習問題を行っていましたか,年間の授業のうちおおよそ３／４以上で行った;年間の授業のうちおおよそ１／２以上３／４未満で行った;年間の授業のうちおおよそ１／４以上１／２未満で行った;年間の授業のうちおおよそ１／４未満で行った;行っていない
質問100,問9.86,中学校,2018,,114,,,,,,,,,2017,2018,7,数学,0,９　昨年度（平成２９年度）の１年生に対する数学の指導について、当てはまるものを選んでください。,グループで活動する場面では、一部の生徒の考えだけでなく、全ての生徒が考えを出し合って課題を解決していましたか,おおよそ３／４以上のグループで当てはまる;おおよそ１／２以上３／４未満のグループで当てはまる;おおよそ１／４以上１／２未満のグループで当てはまる;おおよそ１／４未満のグループで当てはまる
質問101,問9.87,中学校,2018,,115,,,,,,,,,2017,2018,7,数学,0,９　昨年度（平成２９年度）の１年生に対する数学の指導について、当てはまるものを選んでください。,授業ごとに学習の目標（めあて）を示した後に、生徒自ら解決の方法を考えさせる発問をしていましたか,当てはまる;どちらかといえば、当てはまる;どちらともいえない;どちらかといえば、当てはまらない;当てはまらない
質問102,問9.88,中学校,2018,,116,,,,,,,,,2017,2018,7,数学,0,９　昨年度（平成２９年度）の１年生に対する数学の指導について、当てはまるものを選んでください。,グループで活動する場面では、教師の予想以上に生徒の考えが広がったり深まったりして、時間が足りなくなったことがありましたか,なかった;あまりなかった;どちらともいえない;どちらかといえばあった;よくあった
質問103,問9.89,中学校,2018,,117,,,,,,,,,2017,2018,7,数学,0,９　昨年度（平成２９年度）の１年生に対する数学の指導について、当てはまるものを選んでください。,授業の課題解決の場面では、生徒同士が互いの考えを比較検討しながら、他の生徒の考えを取り入れて解決させるよう努めていましたか,当てはまる;どちらかといえば、当てはまる;どちらともいえない;どちらかといえば、当てはまらない;当てはまらない
質問104,問9.90,中学校,2018,,118,,,,,,,,,2017,2018,7,数学,0,９　昨年度（平成２９年度）の１年生に対する数学の指導について、当てはまるものを選んでください。,思考を深める板書（授業の全体像と思考の流れが分かる、振り返りができるなど）を行っていましたか,年間の授業のうちおおよそ３／４以上で行った;年間の授業のうちおおよそ１／２以上３／４未満で行った;年間の授業のうちおおよそ１／４以上１／２未満で行った;年間の授業のうちおおよそ１／４未満で行った;行っていない
質問105,問10.91,中学校,2018,,120,,,,,,,,,2017,2018,7,英語,0,１０　昨年度（平成２９年度）の１年生に対する英語の指導について、当てはまるものを選んでください。,少人数による指導を計画的に取り入れましたか,年間の授業のうちおおよそ３／４以上で行った;年間の授業のうちおおよそ１／２以上３／４未満で行った;年間の授業のうちおおよそ１／４以上１／２未満で行った;年間の授業のうちおおよそ１／４未満で行った;行っていない
質問106,問10.92,中学校,2018,,121,,,,,,,,,2017,2018,7,英語,0,１０　昨年度（平成２９年度）の１年生に対する英語の指導について、当てはまるものを選んでください。,"少人数指導を行うときの学習集団の生徒数は何人ですか（最も人数が少ない学習集団の人数を答えてください）
※該当がない場合は0を入力",数値入力
質問107,問10.93,中学校,2018,,122,,,,,,,,,2017,2018,7,英語,0,１０　昨年度（平成２９年度）の１年生に対する英語の指導について、当てはまるものを選んでください。,学級内でグループ活動（ペア活動を除く）を行うときのグループの人数を選んでください,３人;４人;５人;６人以上;課題によって人数を変える
質問108,問10.94,中学校,2018,,123,,,,,,,,,2017,2018,7,英語,0,１０　昨年度（平成２９年度）の１年生に対する英語の指導について、当てはまるものを選んでください。,ＡＬＴや日本人の支援員等とのティーム・ティーチング（日本人の教師同士も含む）による指導を取り入れましたか,年間の授業のうちおおよそ３／４以上で行った;年間の授業のうちおおよそ１／２以上３／４未満で行った;年間の授業のうちおおよそ１／４以上１／２未満で行った;年間の授業のうちおおよそ１／４未満で行った;行っていない
質問109,問10.95,中学校,2018,,124,,,,,,,,,2017,2018,7,英語,0,１０　昨年度（平成２９年度）の１年生に対する英語の指導について、当てはまるものを選んでください。,学習規律（私語をしない、話をしている人の方を向いて聞く、聞き手に向かって話をする、授業開始のチャイムを守るなど）を維持する指導をしていますか,年間の授業のうちおおよそ３／４以上で行った;年間の授業のうちおおよそ１／２以上３／４未満で行った;年間の授業のうちおおよそ１／４以上１／２未満で行った;年間の授業のうちおおよそ１／４未満で行った;行っていない
質問110,問10.96,中学校,2018,,125,,,,,,,,,2017,2018,7,英語,0,１０　昨年度（平成２９年度）の１年生に対する英語の指導について、当てはまるものを選んでください。,生徒に理由を付けて考えを発表させたり、書かせたりする指導を行っていましたか,年間の授業のうちおおよそ３／４以上で行った;年間の授業のうちおおよそ１／２以上３／４未満で行った;年間の授業のうちおおよそ１／４以上１／２未満で行った;年間の授業のうちおおよそ１／４未満で行った;行っていない
質問111,問10.97,中学校,2018,,126,,,,,,,,,2017,2018,7,英語,0,１０　昨年度（平成２９年度）の１年生に対する英語の指導について、当てはまるものを選んでください。,授業の中でワークなどを使った練習問題を行っていましたか,年間の授業のうちおおよそ３／４以上で行った;年間の授業のうちおおよそ１／２以上３／４未満で行った;年間の授業のうちおおよそ１／４以上１／２未満で行った;年間の授業のうちおおよそ１／４未満で行った;行っていない
質問112,問10.98,中学校,2018,,127,,,,,,,,,2017,2018,7,英語,0,１０　昨年度（平成２９年度）の１年生に対する英語の指導について、当てはまるものを選んでください。,自分の気持ちや考えなどを、友達等と英語で伝え合うなどのコミュニケーション活動を行っていましたか,年間の授業のうちおおよそ３／４以上で行った;年間の授業のうちおおよそ１／２以上３／４未満で行った;年間の授業のうちおおよそ１／４以上１／２未満で行った;年間の授業のうちおおよそ１／４未満で行った;行っていない
質問113,問10.99,中学校,2018,,128,,,,,,,,,2017,2018,7,英語,0,１０　昨年度（平成２９年度）の１年生に対する英語の指導について、当てはまるものを選んでください。,自分の気持ちや考えなどを、まとまりのある英語で話したり書いたりして表現させる活動を行っていましたか,年間の授業のうちおおよそ３／４以上で行った;年間の授業のうちおおよそ１／２以上３／４未満で行った;年間の授業のうちおおよそ１／４以上１／２未満で行った;年間の授業のうちおおよそ１／４未満で行った;行っていない
質問114,問10.100,中学校,2018,,129,,,,,,,,,2017,2018,7,英語,0,１０　昨年度（平成２９年度）の１年生に対する英語の指導について、当てはまるものを選んでください。,まとまりのある英文を聞いたり読んだりして、概要や要点を適切につかませる活動を行っていましたか,年間の授業のうちおおよそ３／４以上で行った;年間の授業のうちおおよそ１／２以上３／４未満で行った;年間の授業のうちおおよそ１／４以上１／２未満で行った;年間の授業のうちおおよそ１／４未満で行った;行っていない
質問115,問10.101,中学校,2018,,130,,,,,,,,,2017,2018,7,英語,0,１０　昨年度（平成２９年度）の１年生に対する英語の指導について、当てはまるものを選んでください。,映像資料や音声教材などのICT機器やALTなどを活用して、コミュニケーション活動の活性化につなげる工夫を行っていましたか,年間の授業のうちおおよそ３／４以上で行った;年間の授業のうちおおよそ１／２以上３／４未満で行った;年間の授業のうちおおよそ１／４以上１／２未満で行った;年間の授業のうちおおよそ１／４未満で行った;行っていない
質問116,問10.102,中学校,2018,,131,,,,,,,,,2017,2018,7,英語,0,１０　昨年度（平成２９年度）の１年生に対する英語の指導について、当てはまるものを選んでください。,授業における、英語担当教員の英語の使用状況について、英語による発話をどのくらい行っていましたか,年間の授業のうちおおよそ３／４以上で行った;年間の授業のうちおおよそ１／２以上３／４未満で行った;年間の授業のうちおおよそ１／４以上１／２未満で行った;年間の授業のうちおおよそ１／４未満で行った;行っていない
質問117,問10.103,中学校,2018,,132,,,,,,,,,2017,2018,7,英語,0,１０　昨年度（平成２９年度）の１年生に対する英語の指導について、当てはまるものを選んでください。,「英語を使って何ができるようになるか」という観点から設定した学習到達目標（Can-Doリスト）を意識して、授業を行った割合はどれくらいですか,おおよそ３／４以上の授業で当てはまる;おおよそ１／２以上３／４未満の授業で当てはまる;おおよそ１／４以上１／２未満の授業で当てはまる;おおよそ１／４未満の授業で当てはまる;Can-Doを設定していない
質問118,問10.104,中学校,2018,,133,,,,,,,,,2017,2018,7,英語,0,１０　昨年度（平成２９年度）の１年生に対する英語の指導について、当てはまるものを選んでください。,既習の言語材料を生徒に繰り返し使わせることで定着を図っていましたか,年間の授業のうちおおよそ３／４以上で当てはまる;年間の授業のうちおおよそ１／２以上３／４未満で当てはまる;年間の授業のうちおおよそ１／４以上１／２未満で当てはまる;年間の授業のうちおおよそ１／４未満で当てはまる
質問119,問10.105,中学校,2018,,134,,,,,,,,,2017,2018,7,英語,0,１０　昨年度（平成２９年度）の１年生に対する英語の指導について、当てはまるものを選んでください。,英語を使って、課題を解決するような活動を行っていましたか,年間の授業のうちおおよそ３／４以上で行った;年間の授業のうちおおよそ１／２以上３／４未満で行った;年間の授業のうちおおよそ１／４以上１／２未満で行った;年間の授業のうちおおよそ１／４未満で行った;行っていない
質問120,問11.106,中学校,2018,,136,,,,,,,,,2017,2018,8,,0,１１　昨年度（平成２９年度）の２年生について、入力または当てはまるものを選んでください。,"生徒数（２９年５月１日現在）は何人でしたか
※該当がない場合は0を入力",数値入力
質問121,問11.107　２０人以下,中学校,2018,,137,,,,,,,,,2017,2018,8,,0,１１　昨年度（平成２９年度）の２年生について、入力または当てはまるものを選んでください。,"生徒数（２９年５月１日現在）別のクラス数を答えてください
※回答肢にあてはまるクラス数をそれぞれ数値で入力してください
　例：２０人以下のクラスが2クラスの場合、2と入力
※該当がない場合は0を入力",２０人以下;２１～２５人;２６～３０人;３１～３５人;３６～４０人
質問122,問11.107　２１～２５人,中学校,2018,,137,,,,,,,,,2017,2018,8,,0,１１　昨年度（平成２９年度）の２年生について、入力または当てはまるものを選んでください。,"生徒数（２９年５月１日現在）別のクラス数を答えてください
※回答肢にあてはまるクラス数をそれぞれ数値で入力してください
　例：２０人以下のクラスが2クラスの場合、2と入力
※該当がない場合は0を入力",２０人以下;２１～２５人;２６～３０人;３１～３５人;３６～４０人
質問123,問11.107　２６～３０人,中学校,2018,,137,,,,,,,,,2017,2018,8,,0,１１　昨年度（平成２９年度）の２年生について、入力または当てはまるものを選んでください。,"生徒数（２９年５月１日現在）別のクラス数を答えてください
※回答肢にあてはまるクラス数をそれぞれ数値で入力してください
　例：２０人以下のクラスが2クラスの場合、2と入力
※該当がない場合は0を入力",２０人以下;２１～２５人;２６～３０人;３１～３５人;３６～４０人
質問124,問11.107　３１～３５人,中学校,2018,,137,,,,,,,,,2017,2018,8,,0,１１　昨年度（平成２９年度）の２年生について、入力または当てはまるものを選んでください。,"生徒数（２９年５月１日現在）別のクラス数を答えてください
※回答肢にあてはまるクラス数をそれぞれ数値で入力してください
　例：２０人以下のクラスが2クラスの場合、2と入力
※該当がない場合は0を入力",２０人以下;２１～２５人;２６～３０人;３１～３５人;３６～４０人
質問125,問11.107　３６～４０人,中学校,2018,,137,,,,,,,,,2017,2018,8,,0,１１　昨年度（平成２９年度）の２年生について、入力または当てはまるものを選んでください。,"生徒数（２９年５月１日現在）別のクラス数を答えてください
※回答肢にあてはまるクラス数をそれぞれ数値で入力してください
　例：２０人以下のクラスが2クラスの場合、2と入力
※該当がない場合は0を入力",２０人以下;２１～２５人;２６～３０人;３１～３５人;３６～４０人
質問126,問11.108,中学校,2018,,138,,,,,,,,,2017,2018,8,,0,１１　昨年度（平成２９年度）の２年生について、入力または当てはまるものを選んでください。,日本語指導が必要な生徒の人数（２９年５月１日現在）を次から選んでください,０人;１～３人;４～６人;７～９人;１０人以上
質問127,問11.109,中学校,2018,,139,,,,,,,,,2017,2018,8,,0,１１　昨年度（平成２９年度）の２年生について、入力または当てはまるものを選んでください。,"就学援助を受けていた生徒の人数（３０年３月３１日現在）は何人でしたか
※該当がない場合は0を入力",数値入力
質問128,問11.110,中学校,2018,,140,,,,,,,,,2017,2018,8,,0,１１　昨年度（平成２９年度）の２年生について、入力または当てはまるものを選んでください。,生徒は熱意をもって勉強することができていましたか,できる生徒がおおよそ９割以上;できる生徒がおおよそ８割以上９割未満;できる生徒がおおよそ５割以上８割未満;できる生徒がおおよそ５割未満
質問129,問11.111.ア　遅刻,中学校,2018,,142,,,,,,,,,2017,2018,8,,0,１１　昨年度（平成２９年度）の２年生について、入力または当てはまるものを選んでください。,遅刻,問題ではなかった;小さな問題だった;中くらいの問題だった;深刻な問題だった
質問130,問11.111.イ　不登校,中学校,2018,,143,,,,,,,,,2017,2018,8,,0,１１　昨年度（平成２９年度）の２年生について、入力または当てはまるものを選んでください。,不登校,問題ではなかった;小さな問題だった;中くらいの問題だった;深刻な問題だった
質問131,問11.111.ウ　学習規律の確保,中学校,2018,,144,,,,,,,,,2017,2018,8,,0,１１　昨年度（平成２９年度）の２年生について、入力または当てはまるものを選んでください。,学習規律の確保,問題ではなかった;小さな問題だった;中くらいの問題だった;深刻な問題だった
質問132,問11.111.エ　暴力行為や児童同士のトラブル,中学校,2018,,145,,,,,,,,,2017,2018,8,,0,１１　昨年度（平成２９年度）の２年生について、入力または当てはまるものを選んでください。,暴力行為や生徒同士のトラブル,問題ではなかった;小さな問題だった;中くらいの問題だった;深刻な問題だった
質問133,問12.112,中学校,2018,,147,,,,,,,,,2017,2018,8,,0,１２　昨年度（平成２９年度）の２年生に対する指導について、当てはまるものを選んでください。（１１８，１１９は３つまで選んでください）,学力向上や学習の定着等を目的に取り組んできたことについて、次の事項のうち最も重視して取り組んだものとして、当てはまるものを選んでください,朝読書などの一斉読書の時間;学校図書館を活用した授業;ＩＣＴを活用した授業;放課後等を利用した補充的な学習サポート;土曜日等を利用した補充的な学習サポート
質問134,問12.113,中学校,2018,,148,,,,,,,,,2017,2018,8,,0,１２　昨年度（平成２９年度）の２年生に対する指導について、当てはまるものを選んでください。（１１８，１１９は３つまで選んでください）,長期休業日を利用した補充的な学習サポートを実施しましたか（夏休みや冬休み、春休みなどの長期休業日のうち、補充的な学習サポートを実施した日数の累計について、当てはまるものを選んでください）,延べ１３日以上;延べ９日から１２日;延べ５日から８日;１日から延べ４日;行っていない
質問135,問12.114,中学校,2018,,149,,,,,,,,,2017,2018,8,,0,１２　昨年度（平成２９年度）の２年生に対する指導について、当てはまるものを選んでください。（１１８，１１９は３つまで選んでください）,家庭学習の課題（宿題）を計画的に与えましたか,よく行った;どちらかといえば行った;あまり行っていない;全く行っていない
質問136,問12.115,中学校,2018,,150,,,,,,,,,2017,2018,8,,0,１２　昨年度（平成２９年度）の２年生に対する指導について、当てはまるものを選んでください。（１１８，１１９は３つまで選んでください）,与えた家庭学習の課題（長期休業期間中の課題を除きます）についての評価・指導を計画的に行いましたか,よく行った;どちらかといえば行った;あまり行っていない;全く行っていない
質問137,問12.116,中学校,2018,,151,,,,,,,,,2017,2018,8,,0,１２　昨年度（平成２９年度）の２年生に対する指導について、当てはまるものを選んでください。（１１８，１１９は３つまで選んでください）,家庭学習の取組として、調べたり文章を書いたりしてくる課題（宿題）を与えましたか,よく行った;どちらかといえば行った;あまり行っていない;全く行っていない
質問138,問12.117,中学校,2018,,152,,,,,,,,,2017,2018,8,,0,１２　昨年度（平成２９年度）の２年生に対する指導について、当てはまるものを選んでください。（１１８，１１９は３つまで選んでください）,家庭学習の取組として、家庭での学習方法等を具体的な例を挙げながら教えましたか,よく行った;どちらかといえば行った;あまり行っていない;全く行っていない
質問139,問12.118,中学校,2018,,153,,,,,,,,,2017,2018,8,,0,１２　昨年度（平成２９年度）の２年生に対する指導について、当てはまるものを選んでください。（１１８，１１９は３つまで選んでください）,基礎的・基本的な知識及び技能の習得の授業について、次の事項のうち特に重視して取り組んだものとして、当てはまるものを３つまで選んでください,補助教材の活用（市販ドリル等を含む）;小テストの活用;ワークシートの活用;ＩＣＴの活用;意見の発表;グループでの活動;その他
質問140,問12.119,中学校,2018,,154,,,,,,,,,2017,2018,8,,0,１２　昨年度（平成２９年度）の２年生に対する指導について、当てはまるものを選んでください。（１１８，１１９は３つまで選んでください）,習得した知識・技能を活用して課題を解決するために必要な思考力・判断力・表現力等の育成の授業について、次の事項のうち特に重視して取り組んだものとして、当てはまるものを３つまで選んでください,補助教材の活用（市販ドリル等を含む）;小テストの活用;ワークシートの活用;ＩＣＴの活用;意見の発表;グループでの活動;その他
質問141,問13.120,中学校,2018,,156,,,,,,,,,2017,2018,8,国語,0,１３　昨年度（平成２９年度）の２年生に対する国語の指導について、当てはまるものを選んでください。,"習熟の遅い生徒に対して、学習内容が習得できるよう、少人数による指導を年間どのくらい計画的に取り入れましたか
",年間の授業のうちおおよそ３／４以上で行った;年間の授業のうちおおよそ１／２以上３／４未満で行った;年間の授業のうちおおよそ１／４以上１／２未満で行った;年間の授業のうちおおよそ１／４未満で行った;行っていない
質問142,問13.121,中学校,2018,,157,,,,,,,,,2017,2018,8,国語,0,１３　昨年度（平成２９年度）の２年生に対する国語の指導について、当てはまるものを選んでください。,習熟の早い生徒に対して、少人数による指導を行い、発展的な内容を扱った指導を計画的に取り入れましたか,年間の授業のうちおおよそ３／４以上で行った;年間の授業のうちおおよそ１／２以上３／４未満で行った;年間の授業のうちおおよそ１／４以上１／２未満で行った;年間の授業のうちおおよそ１／４未満で行った;行っていない
質問143,問13.122,中学校,2018,,158,,,,,,,,,2017,2018,8,国語,0,１３　昨年度（平成２９年度）の２年生に対する国語の指導について、当てはまるものを選んでください。,"習熟度に応じた少人数指導を行うときの学習集団（いわゆる習熟度別グループ）の生徒数は何人ですか（最も人数が少ない学習集団の人数を答えてください）
※該当がない場合は0を入力",数値入力
質問144,問13.123,中学校,2018,,159,,,,,,,,,2017,2018,8,国語,0,１３　昨年度（平成２９年度）の２年生に対する国語の指導について、当てはまるものを選んでください。,学級内でグループ活動（ペア活動を除く）を行うときのグループの人数を選んでください,３人;４人;５人;６人以上;課題によって人数を変える
質問145,問13.124,中学校,2018,,160,,,,,,,,,2017,2018,8,国語,0,１３　昨年度（平成２９年度）の２年生に対する国語の指導について、当てはまるものを選んでください。,ティーム・ティーチングによる指導を取り入れましたか,年間の授業のうちおおよそ３／４以上で行った;年間の授業のうちおおよそ１／２以上３／４未満で行った;年間の授業のうちおおよそ１／４以上１／２未満で行った;年間の授業のうちおおよそ１／４未満で行った;行っていない
質問146,問13.125,中学校,2018,,161,,,,,,,,,2017,2018,8,国語,0,１３　昨年度（平成２９年度）の２年生に対する国語の指導について、当てはまるものを選んでください。,補充的な学習の指導を計画的に取り入れましたか,年間の授業のうちおおよそ３／４以上で行った;年間の授業のうちおおよそ１／２以上３／４未満で行った;年間の授業のうちおおよそ１／４以上１／２未満で行った;年間の授業のうちおおよそ１／４未満で行った;行っていない
質問147,問13.126,中学校,2018,,162,,,,,,,,,2017,2018,8,国語,0,１３　昨年度（平成２９年度）の２年生に対する国語の指導について、当てはまるものを選んでください。,発展的な学習の指導を計画的に取り入れましたか,年間の授業のうちおおよそ３／４以上で行った;年間の授業のうちおおよそ１／２以上３／４未満で行った;年間の授業のうちおおよそ１／４以上１／２未満で行った;年間の授業のうちおおよそ１／４未満で行った;行っていない
質問148,問13.127,中学校,2018,,163,,,,,,,,,2017,2018,8,国語,0,１３　昨年度（平成２９年度）の２年生に対する国語の指導について、当てはまるものを選んでください。,学習規律（私語をしない、話をしている人の方を向いて聞く、聞き手に向かって話をする、授業開始のチャイムを守るなど）を維持する指導を行っていましたか,年間の授業のうちおおよそ３／４以上で行った;年間の授業のうちおおよそ１／２以上３／４未満で行った;年間の授業のうちおおよそ１／４以上１／２未満で行った;年間の授業のうちおおよそ１／４未満で行った;行っていない
質問149,問13.128,中学校,2018,,164,,,,,,,,,2017,2018,8,国語,0,１３　昨年度（平成２９年度）の２年生に対する国語の指導について、当てはまるものを選んでください。,学習方法（ノートの取り方、間違ったところを振り返って学習すること、目標・計画の立て方、自分をやる気にする方法など）に関する指導を行っていましたか,年間の授業のうちおおよそ３／４以上で行った;年間の授業のうちおおよそ１／２以上３／４未満で行った;年間の授業のうちおおよそ１／４以上１／２未満で行った;年間の授業のうちおおよそ１／４未満で行った;行っていない
質問150,問13.129,中学校,2018,,165,,,,,,,,,2017,2018,8,国語,0,１３　昨年度（平成２９年度）の２年生に対する国語の指導について、当てはまるものを選んでください。,授業の課題解決の場面では、意欲的に取り組んでいる生徒の割合はどのくらいであることが多かったですか,おおよそ３／４以上の生徒で当てはまる;おおよそ１／２以上３／４未満の生徒で当てはまる;おおよそ１／４以上１／２未満の生徒で当てはまる;おおよそ１／４未満の生徒で当てはまる
質問151,問13.130,中学校,2018,,166,,,,,,,,,2017,2018,8,国語,0,１３　昨年度（平成２９年度）の２年生に対する国語の指導について、当てはまるものを選んでください。,ワークシートや資料、模型などの具体物を使って、生徒の様々な考えを引き出すための指導の工夫を行っていましたか,年間の授業のうちおおよそ３／４以上で行った;年間の授業のうちおおよそ１／２以上３／４未満で行った;年間の授業のうちおおよそ１／４以上１／２未満で行った;年間の授業のうちおおよそ１／４未満で行った;行っていない
質問152,問13.131,中学校,2018,,167,,,,,,,,,2017,2018,8,国語,0,１３　昨年度（平成２９年度）の２年生に対する国語の指導について、当てはまるものを選んでください。,生徒に理由を付けて考えを発表させたり、書かせたりする指導を行っていましたか,年間の授業のうちおおよそ３／４以上で行った;年間の授業のうちおおよそ１／２以上３／４未満で行った;年間の授業のうちおおよそ１／４以上１／２未満で行った;年間の授業のうちおおよそ１／４未満で行った;行っていない
質問153,問13.132,中学校,2018,,168,,,,,,,,,2017,2018,8,国語,0,１３　昨年度（平成２９年度）の２年生に対する国語の指導について、当てはまるものを選んでください。,授業のまとめの場面では、次の授業につながる新たな問いや疑問、次の授業で調べたいことを生徒に書かせましたか,年間の授業のうちおおよそ３／４以上で行った;年間の授業のうちおおよそ１／２以上３／４未満で行った;年間の授業のうちおおよそ１／４以上１／２未満で行った;年間の授業のうちおおよそ１／４未満で行った;行っていない
質問154,問13.133,中学校,2018,,169,,,,,,,,,2017,2018,8,国語,0,１３　昨年度（平成２９年度）の２年生に対する国語の指導について、当てはまるものを選んでください。,授業や単元（小単元）のまとめの場面では、学習した内容をどのように活用できるかを生徒に書かせましたか,年間の授業のうちおおよそ３／４以上で行った;年間の授業のうちおおよそ１／２以上３／４未満で行った;年間の授業のうちおおよそ１／４以上１／２未満で行った;年間の授業のうちおおよそ１／４未満で行った;行っていない
質問155,問13.134,中学校,2018,,170,,,,,,,,,2017,2018,8,国語,0,１３　昨年度（平成２９年度）の２年生に対する国語の指導について、当てはまるものを選んでください。,上記No１３２，１３３の場面で、ノートやプリントに書かせた生徒の考えを教師が確認していましたか,記述させたときのおおよそ３／４以上で確認した;記述させたときのおおよそ１／２以上３／４未満で確認した;記述させたときのおおよそ１／４以上１／２未満で確認した;記述させたときの授業のうちおおよそ１／４未満で確認した;行っていない
質問156,問13.135,中学校,2018,,171,,,,,,,,,2017,2018,8,国語,0,１３　昨年度（平成２９年度）の２年生に対する国語の指導について、当てはまるものを選んでください。,授業の中でワークなどを使った練習問題を行っていましたか,年間の授業のうちおおよそ３／４以上で行った;年間の授業のうちおおよそ１／２以上３／４未満で行った;年間の授業のうちおおよそ１／４以上１／２未満で行った;年間の授業のうちおおよそ１／４未満で行った;行っていない
質問157,問13.136,中学校,2018,,172,,,,,,,,,2017,2018,8,国語,0,１３　昨年度（平成２９年度）の２年生に対する国語の指導について、当てはまるものを選んでください。,グループで活動する場面では、一部の生徒の考えだけでなく、全ての生徒が考えを出し合って課題を解決していましたか,おおよそ３／４以上のグループで当てはまる;おおよそ１／２以上３／４未満のグループで当てはまる;おおよそ１／４以上１／２未満のグループで当てはまる;おおよそ１／４未満のグループで当てはまる
質問158,問13.137,中学校,2018,,173,,,,,,,,,2017,2018,8,国語,0,１３　昨年度（平成２９年度）の２年生に対する国語の指導について、当てはまるものを選んでください。,授業ごとに学習の目標（めあて）を示した後に、生徒自ら解決の方法を考えさせる発問をしていましたか,当てはまる;どちらかといえば、当てはまる;どちらともいえない;どちらかといえば、当てはまらない;当てはまらない
質問159,問13.138,中学校,2018,,174,,,,,,,,,2017,2018,8,国語,0,１３　昨年度（平成２９年度）の２年生に対する国語の指導について、当てはまるものを選んでください。,グループで活動する場面では、教師の予想以上に生徒の考えが広がったり深まったりして、時間が足りなくなったことがありましたか,なかった;あまりなかった;どちらともいえない;どちらかといえばあった;よくあった
質問160,問13.139,中学校,2018,,175,,,,,,,,,2017,2018,8,国語,0,１３　昨年度（平成２９年度）の２年生に対する国語の指導について、当てはまるものを選んでください。,授業の課題解決の場面では、生徒同士が互いの考えを比較検討しながら、他の生徒の考えを取り入れて解決させるよう努めていましたか,当てはまる;どちらかといえば、当てはまる;どちらともいえない;どちらかといえば、当てはまらない;当てはまらない
質問161,問13.140,中学校,2018,,176,,,,,,,,,2017,2018,8,国語,0,１３　昨年度（平成２９年度）の２年生に対する国語の指導について、当てはまるものを選んでください。,思考を深める板書（授業の全体像と思考の流れが分かる、振り返りができるなど）を行っていましたか,年間の授業のうちおおよそ３／４以上で行った;年間の授業のうちおおよそ１／２以上３／４未満で行った;年間の授業のうちおおよそ１／４以上１／２未満で行った;年間の授業のうちおおよそ１／４未満で行った;行っていない
質問162,問14.141,中学校,2018,,178,,,,,,,,,2017,2018,8,数学,0,１４　昨年度（平成２９年度）の２年生に対する数学の指導について、当てはまるものを選んでください。,"習熟の遅い生徒に対して、学習内容が習得できるよう、少人数による指導を計画的に取り入れましたか
",年間の授業のうちおおよそ３／４以上で行った;年間の授業のうちおおよそ１／２以上３／４未満で行った;年間の授業のうちおおよそ１／４以上１／２未満で行った;年間の授業のうちおおよそ１／４未満で行った;行っていない
質問163,問14.142,中学校,2018,,179,,,,,,,,,2017,2018,8,数学,0,１４　昨年度（平成２９年度）の２年生に対する数学の指導について、当てはまるものを選んでください。,習熟の早い生徒に対して、少人数による指導を行い、発展的な内容を扱った指導を計画的に取り入れましたか,年間の授業のうちおおよそ３／４以上で行った;年間の授業のうちおおよそ１／２以上３／４未満で行った;年間の授業のうちおおよそ１／４以上１／２未満で行った;年間の授業のうちおおよそ１／４未満で行った;行っていない
質問164,問14.143,中学校,2018,,180,,,,,,,,,2017,2018,8,数学,0,１４　昨年度（平成２９年度）の２年生に対する数学の指導について、当てはまるものを選んでください。,"習熟度に応じた少人数指導を行うときの学習集団（いわゆる習熟度別グループ）の生徒数は何人ですか（最も人数が少ない学習集団の人数を答えてください）
※該当がない場合は0を入力",数値入力
質問165,問14.144,中学校,2018,,181,,,,,,,,,2017,2018,8,数学,0,１４　昨年度（平成２９年度）の２年生に対する数学の指導について、当てはまるものを選んでください。,学級内でグループ活動（ペア活動を除く）を行うときのグループの人数を選んでください,３人;４人;５人;６人以上;課題によって人数を変える
質問166,問14.145,中学校,2018,,182,,,,,,,,,2017,2018,8,数学,0,１４　昨年度（平成２９年度）の２年生に対する数学の指導について、当てはまるものを選んでください。,ティーム・ティーチングによる指導を取り入れましたか,年間の授業のうちおおよそ３／４以上で行った;年間の授業のうちおおよそ１／２以上３／４未満で行った;年間の授業のうちおおよそ１／４以上１／２未満で行った;年間の授業のうちおおよそ１／４未満で行った;行っていない
質問167,問14.146,中学校,2018,,183,,,,,,,,,2017,2018,8,数学,0,１４　昨年度（平成２９年度）の２年生に対する数学の指導について、当てはまるものを選んでください。,補充的な学習の指導を計画的に取り入れましたか,年間の授業のうちおおよそ３／４以上で行った;年間の授業のうちおおよそ１／２以上３／４未満で行った;年間の授業のうちおおよそ１／４以上１／２未満で行った;年間の授業のうちおおよそ１／４未満で行った;行っていない
質問168,問14.147,中学校,2018,,184,,,,,,,,,2017,2018,8,数学,0,１４　昨年度（平成２９年度）の２年生に対する数学の指導について、当てはまるものを選んでください。,発展的な学習の指導を計画的に取り入れましたか,年間の授業のうちおおよそ３／４以上で行った;年間の授業のうちおおよそ１／２以上３／４未満で行った;年間の授業のうちおおよそ１／４以上１／２未満で行った;年間の授業のうちおおよそ１／４未満で行った;行っていない
質問169,問14.148,中学校,2018,,185,,,,,,,,,2017,2018,8,数学,0,１４　昨年度（平成２９年度）の２年生に対する数学の指導について、当てはまるものを選んでください。,学習規律（私語をしない、話をしている人の方を向いて聞く、聞き手に向かって話をする、授業開始のチャイムを守るなど）を維持する指導を行っていましたか,年間の授業のうちおおよそ３／４以上で行った;年間の授業のうちおおよそ１／２以上３／４未満で行った;年間の授業のうちおおよそ１／４以上１／２未満で行った;年間の授業のうちおおよそ１／４未満で行った;行っていない
質問170,問14.149,中学校,2018,,186,,,,,,,,,2017,2018,8,数学,0,１４　昨年度（平成２９年度）の２年生に対する数学の指導について、当てはまるものを選んでください。,学習方法（ノートの取り方、間違ったところを振り返って学習すること、目標・計画の立て方、自分をやる気にする方法など）に関する指導を行っていましたか,年間の授業のうちおおよそ３／４以上で行った;年間の授業のうちおおよそ１／２以上３／４未満で行った;年間の授業のうちおおよそ１／４以上１／２未満で行った;年間の授業のうちおおよそ１／４未満で行った;行っていない
質問171,問14.150,中学校,2018,,187,,,,,,,,,2017,2018,8,数学,0,１４　昨年度（平成２９年度）の２年生に対する数学の指導について、当てはまるものを選んでください。,授業の課題解決の場面では、意欲的に取り組んでいる生徒の割合はどのくらいであることが多かったですか,おおよそ３／４以上の生徒で当てはまる;おおよそ１／２以上３／４未満の生徒で当てはまる;おおよそ１／４以上１／２未満の生徒で当てはまる;おおよそ１／４未満の生徒で当てはまる
質問172,問14.151,中学校,2018,,188,,,,,,,,,2017,2018,8,数学,0,１４　昨年度（平成２９年度）の２年生に対する数学の指導について、当てはまるものを選んでください。,ワークシートや資料、模型などの具体物を使って、生徒の様々な考えを引き出すための指導の工夫を行っていましたか,年間の授業のうちおおよそ３／４以上で行った;年間の授業のうちおおよそ１／２以上３／４未満で行った;年間の授業のうちおおよそ１／４以上１／２未満で行った;年間の授業のうちおおよそ１／４未満で行った;行っていない
質問173,問14.152,中学校,2018,,189,,,,,,,,,2017,2018,8,数学,0,１４　昨年度（平成２９年度）の２年生に対する数学の指導について、当てはまるものを選んでください。,生徒に理由を付けて考えを発表させたり、文章で書かせたり、図やグラフでかかせたりする指導を行っていましたか,年間の授業のうちおおよそ３／４以上で行った;年間の授業のうちおおよそ１／２以上３／４未満で行った;年間の授業のうちおおよそ１／４以上１／２未満で行った;年間の授業のうちおおよそ１／４未満で行った;行っていない
質問174,問14.153,中学校,2018,,190,,,,,,,,,2017,2018,8,数学,0,１４　昨年度（平成２９年度）の２年生に対する数学の指導について、当てはまるものを選んでください。,授業のまとめの場面では、次の授業につながる新たな問いや疑問、次の授業で調べたいことを生徒に文章で書かせたり、図やグラフでかかせたりしましたか,年間の授業のうちおおよそ３／４以上で行った;年間の授業のうちおおよそ１／２以上３／４未満で行った;年間の授業のうちおおよそ１／４以上１／２未満で行った;年間の授業のうちおおよそ１／４未満で行った;行っていない
質問175,問14.154,中学校,2018,,191,,,,,,,,,2017,2018,8,数学,0,１４　昨年度（平成２９年度）の２年生に対する数学の指導について、当てはまるものを選んでください。,授業や単元（小単元）のまとめの場面では、学習した内容をどのように活用できるかを生徒に文章で書かせたり、図やグラフでかかせたりしましたか,年間の授業のうちおおよそ３／４以上で行った;年間の授業のうちおおよそ１／２以上３／４未満で行った;年間の授業のうちおおよそ１／４以上１／２未満で行った;年間の授業のうちおおよそ１／４未満で行った;行っていない
質問176,問14.155,中学校,2018,,192,,,,,,,,,2017,2018,8,数学,0,１４　昨年度（平成２９年度）の２年生に対する数学の指導について、当てはまるものを選んでください。,上記No１５３，１５４の場面で、ノートやプリントに書かせた生徒の考えを教師が確認していましたか,記述させたときのおおよそ３／４以上で確認した;記述させたときのおおよそ１／２以上３／４未満で確認した;記述させたときのおおよそ１／４以上１／２未満で確認した;記述させたときのおおよそ１／４未満で確認した;行っていない
質問177,問14.156,中学校,2018,,193,,,,,,,,,2017,2018,8,数学,0,１４　昨年度（平成２９年度）の２年生に対する数学の指導について、当てはまるものを選んでください。,授業の中で問題集などを使った練習問題を行っていましたか,年間の授業のうちおおよそ３／４以上で行った;年間の授業のうちおおよそ１／２以上３／４未満で行った;年間の授業のうちおおよそ１／４以上１／２未満で行った;年間の授業のうちおおよそ１／４未満で行った;行っていない
質問178,問14.157,中学校,2018,,194,,,,,,,,,2017,2018,8,数学,0,１４　昨年度（平成２９年度）の２年生に対する数学の指導について、当てはまるものを選んでください。,グループで活動する場面では、一部の生徒の考えだけでなく、全ての生徒が考えを出し合って課題を解決していましたか,おおよそ３／４以上のグループで当てはまる;おおよそ１／２以上３／４未満のグループで当てはまる;おおよそ１／４以上１／２未満のグループで当てはまる;おおよそ１／４未満のグループで当てはまる
質問179,問14.158,中学校,2018,,195,,,,,,,,,2017,2018,8,数学,0,１４　昨年度（平成２９年度）の２年生に対する数学の指導について、当てはまるものを選んでください。,授業ごとに学習の目標（めあて）を示した後に、生徒自ら解決の方法を考えさせる発問をしていましたか,当てはまる;どちらかといえば、当てはまる;どちらともいえない;どちらかといえば、当てはまらない;当てはまらない
質問180,問14.159,中学校,2018,,196,,,,,,,,,2017,2018,8,数学,0,１４　昨年度（平成２９年度）の２年生に対する数学の指導について、当てはまるものを選んでください。,グループで活動する場面では、教師の予想以上に生徒の考えが広がったり深まったりして、時間が足りなくなったことがありましたか,なかった;あまりなかった;どちらともいえない;どちらかといえばあった;よくあった
質問181,問14.160,中学校,2018,,197,,,,,,,,,2017,2018,8,数学,0,１４　昨年度（平成２９年度）の２年生に対する数学の指導について、当てはまるものを選んでください。,授業の課題解決の場面では、生徒同士が互いの考えを比較検討しながら、他の生徒の考えを取り入れて解決させるよう努めていましたか,当てはまる;どちらかといえば、当てはまる;どちらともいえない;どちらかといえば、当てはまらない;当てはまらない
質問182,問14.161,中学校,2018,,198,,,,,,,,,2017,2018,8,数学,0,１４　昨年度（平成２９年度）の２年生に対する数学の指導について、当てはまるものを選んでください。,思考を深める板書（授業の全体像と思考の流れが分かる、振り返りができるなど）を行っていましたか,年間の授業のうちおおよそ３／４以上で行った;年間の授業のうちおおよそ１／２以上３／４未満で行った;年間の授業のうちおおよそ１／４以上１／２未満で行った;年間の授業のうちおおよそ１／４未満で行った;行っていない
質問183,問15.162,中学校,2018,,200,,,,,,,,,2017,2018,8,英語,0,１５　昨年度（平成２９年度）の２年生に対する英語の指導について、当てはまるものを選んでください。,少人数による指導を計画的に取り入れましたか,年間の授業のうちおおよそ３／４以上で行った;年間の授業のうちおおよそ１／２以上３／４未満で行った;年間の授業のうちおおよそ１／４以上１／２未満で行った;年間の授業のうちおおよそ１／４未満で行った;行っていない
質問184,問15.163,中学校,2018,,201,,,,,,,,,2017,2018,8,英語,0,１５　昨年度（平成２９年度）の２年生に対する英語の指導について、当てはまるものを選んでください。,"少人数指導を行うときの学習集団の生徒数は何人ですか（最も人数が少ない学習集団の人数を答えてください）
※該当がない場合は0を入力",数値入力
質問185,問15.164,中学校,2018,,202,,,,,,,,,2017,2018,8,英語,0,１５　昨年度（平成２９年度）の２年生に対する英語の指導について、当てはまるものを選んでください。,学級内でグループ活動（ペア活動を除く）を行うときのグループの人数を選んでください,３人;４人;５人;６人以上;課題によって人数を変える
質問186,問15.165,中学校,2018,,203,,,,,,,,,2017,2018,8,英語,0,１５　昨年度（平成２９年度）の２年生に対する英語の指導について、当てはまるものを選んでください。,ＡＬＴや日本人の支援員等とのティーム・ティーチング（日本人の教師同士も含む）による指導を取り入れましたか,年間の授業のうちおおよそ３／４以上で行った;年間の授業のうちおおよそ１／２以上３／４未満で行った;年間の授業のうちおおよそ１／４以上１／２未満で行った;年間の授業のうちおおよそ１／４未満で行った;行っていない
質問187,問15.166,中学校,2018,,204,,,,,,,,,2017,2018,8,英語,0,１５　昨年度（平成２９年度）の２年生に対する英語の指導について、当てはまるものを選んでください。,学習規律（私語をしない、話をしている人の方を向いて聞く、聞き手に向かって話をする、授業開始のチャイムを守るなど）を維持する指導を行っていましたか,年間の授業のうちおおよそ３／４以上で行った;年間の授業のうちおおよそ１／２以上３／４未満で行った;年間の授業のうちおおよそ１／４以上１／２未満で行った;年間の授業のうちおおよそ１／４未満で行った;行っていない
質問188,問15.167,中学校,2018,,205,,,,,,,,,2017,2018,8,英語,0,１５　昨年度（平成２９年度）の２年生に対する英語の指導について、当てはまるものを選んでください。,生徒に理由を付けて考えを発表させたり、書かせたりする指導を行っていましたか,年間の授業のうちおおよそ３／４以上で行った;年間の授業のうちおおよそ１／２以上３／４未満で行った;年間の授業のうちおおよそ１／４以上１／２未満で行った;年間の授業のうちおおよそ１／４未満で行った;行っていない
質問189,問15.168,中学校,2018,,206,,,,,,,,,2017,2018,8,英語,0,１５　昨年度（平成２９年度）の２年生に対する英語の指導について、当てはまるものを選んでください。,授業の中でワークなどを使った練習問題を行っていましたか,年間の授業のうちおおよそ３／４以上で行った;年間の授業のうちおおよそ１／２以上３／４未満で行った;年間の授業のうちおおよそ１／４以上１／２未満で行った;年間の授業のうちおおよそ１／４未満で行った;行っていない
質問190,問15.169,中学校,2018,,207,,,,,,,,,2017,2018,8,英語,0,１５　昨年度（平成２９年度）の２年生に対する英語の指導について、当てはまるものを選んでください。,自分の気持ちや考えなどを、友達等と英語で伝え合うなどのコミュニケーション活動を行っていましたか,年間の授業のうちおおよそ３／４以上で行った;年間の授業のうちおおよそ１／２以上３／４未満で行った;年間の授業のうちおおよそ１／４以上１／２未満で行った;年間の授業のうちおおよそ１／４未満で行った;行っていない
質問191,問15.170,中学校,2018,,208,,,,,,,,,2017,2018,8,英語,0,１５　昨年度（平成２９年度）の２年生に対する英語の指導について、当てはまるものを選んでください。,自分の気持ちや考えなどを、まとまりのある英語で話したり書いたりして表現させる活動を行っていましたか,年間の授業のうちおおよそ３／４以上で行った;年間の授業のうちおおよそ１／２以上３／４未満で行った;年間の授業のうちおおよそ１／４以上１／２未満で行った;年間の授業のうちおおよそ１／４未満で行った;行っていない
質問192,問15.171,中学校,2018,,209,,,,,,,,,2017,2018,8,英語,0,１５　昨年度（平成２９年度）の２年生に対する英語の指導について、当てはまるものを選んでください。,まとまりのある英文を聞いたり読んだりして、概要や要点を適切につかませる活動を行っていましたか,年間の授業のうちおおよそ３／４以上で行った;年間の授業のうちおおよそ１／２以上３／４未満で行った;年間の授業のうちおおよそ１／４以上１／２未満で行った;年間の授業のうちおおよそ１／４未満で行った;行っていない
質問193,問15.172,中学校,2018,,210,,,,,,,,,2017,2018,8,英語,0,１５　昨年度（平成２９年度）の２年生に対する英語の指導について、当てはまるものを選んでください。,映像資料や音声教材などのICT機器やALTなどを活用して、コミュニケーション活動の活性化につなげる工夫を行っていましたか,年間の授業のうちおおよそ３／４以上で行った;年間の授業のうちおおよそ１／２以上３／４未満で行った;年間の授業のうちおおよそ１／４以上１／２未満で行った;年間の授業のうちおおよそ１／４未満で行った;行っていない
質問194,問15.173,中学校,2018,,211,,,,,,,,,2017,2018,8,英語,0,１５　昨年度（平成２９年度）の２年生に対する英語の指導について、当てはまるものを選んでください。,授業における、英語担当教員の英語の使用状況について、英語による発話をどのくらい行っていましたか,年間の授業のうちおおよそ３／４以上で行った;年間の授業のうちおおよそ１／２以上３／４未満で行った;年間の授業のうちおおよそ１／４以上１／２未満で行った;年間の授業のうちおおよそ１／４未満で行った;行っていない
質問195,問15.174,中学校,2018,,212,,,,,,,,,2017,2018,8,英語,0,１５　昨年度（平成２９年度）の２年生に対する英語の指導について、当てはまるものを選んでください。,「英語を使って何ができるようになるか」という観点から設定した学習到達目標（Can-Doリスト）を意識して、授業を行った割合はどれくらいですか,おおよそ３／４以上の授業で当てはまる;おおよそ１／２以上３／４未満の授業で当てはまる;おおよそ１／４以上１／２未満の授業で当てはまる;おおよそ１／４未満の授業で当てはまる;Can-Doリストを設定していない
質問196,問15.175,中学校,2018,,213,,,,,,,,,2017,2018,8,英語,0,１５　昨年度（平成２９年度）の２年生に対する英語の指導について、当てはまるものを選んでください。,既習の言語材料を生徒に繰り返し使わせることで定着を図っていましたか,年間の授業のうちおおよそ３／４以上で当てはまる;年間の授業のうちおおよそ１／２以上３／４未満で当てはまる;年間の授業のうちおおよそ１／４以上１／２未満で当てはまる;年間の授業のうちおおよそ１／４未満で当てはまる
質問197,問15.176,中学校,2018,,214,,,,,,,,,2017,2018,8,英語,0,１５　昨年度（平成２９年度）の２年生に対する英語の指導について、当てはまるものを選んでください。,英語を使って、課題を解決するような活動を行っていましたか,年間の授業のうちおおよそ３／４以上で行った;年間の授業のうちおおよそ１／２以上３／４未満で行った;年間の授業のうちおおよそ１／４以上１／２未満で行った;年間の授業のうちおおよそ１／４未満で行った;行っていない
質問198,問16.177,中学校,2018,,216,,,,,,,,,2017,2018,9,,0,１６　昨年度（平成２９年度）の３年生について、入力または当てはまるものを選んでください。,"生徒数（２９年５月１日現在）は何人でしたか
※該当がない場合は0を入力",数値入力
質問199,問16.178　２０人以下,中学校,2018,,217,,,,,,,,,2017,2018,9,,0,１６　昨年度（平成２９年度）の３年生について、入力または当てはまるものを選んでください。,"生徒数（２９年５月１日現在）別のクラス数を答えてください
※回答肢にあてはまるクラス数をそれぞれ数値で入力してください
　例：２０人以下のクラスが2クラスの場合、2と入力
※該当がない場合は0を入力",２０人以下;２１～２５人;２６～３０人;３１～３５人;３６～４０人
質問200,問16.178　２１～２５人,中学校,2018,,217,,,,,,,,,2017,2018,9,,0,１６　昨年度（平成２９年度）の３年生について、入力または当てはまるものを選んでください。,"生徒数（２９年５月１日現在）別のクラス数を答えてください
※回答肢にあてはまるクラス数をそれぞれ数値で入力してください
　例：２０人以下のクラスが2クラスの場合、2と入力
※該当がない場合は0を入力",２０人以下;２１～２５人;２６～３０人;３１～３５人;３６～４０人
質問201,問16.178　２６～３０人,中学校,2018,,217,,,,,,,,,2017,2018,9,,0,１６　昨年度（平成２９年度）の３年生について、入力または当てはまるものを選んでください。,"生徒数（２９年５月１日現在）別のクラス数を答えてください
※回答肢にあてはまるクラス数をそれぞれ数値で入力してください
　例：２０人以下のクラスが2クラスの場合、2と入力
※該当がない場合は0を入力",２０人以下;２１～２５人;２６～３０人;３１～３５人;３６～４０人
質問202,問16.178　３１～３５人,中学校,2018,,217,,,,,,,,,2017,2018,9,,0,１６　昨年度（平成２９年度）の３年生について、入力または当てはまるものを選んでください。,"生徒数（２９年５月１日現在）別のクラス数を答えてください
※回答肢にあてはまるクラス数をそれぞれ数値で入力してください
　例：２０人以下のクラスが2クラスの場合、2と入力
※該当がない場合は0を入力",２０人以下;２１～２５人;２６～３０人;３１～３５人;３６～４０人
質問203,問16.178　３６～４０人,中学校,2018,,217,,,,,,,,,2017,2018,9,,0,１６　昨年度（平成２９年度）の３年生について、入力または当てはまるものを選んでください。,"生徒数（２９年５月１日現在）別のクラス数を答えてください
※回答肢にあてはまるクラス数をそれぞれ数値で入力してください
　例：２０人以下のクラスが2クラスの場合、2と入力
※該当がない場合は0を入力",２０人以下;２１～２５人;２６～３０人;３１～３５人;３６～４０人
質問204,問16.179,中学校,2018,,218,,,,,,,,,2017,2018,9,,0,１６　昨年度（平成２９年度）の３年生について、入力または当てはまるものを選んでください。,日本語指導が必要な生徒の人数（２９年５月１日現在）を次から選んでください,０人;１～３人;４～６人;７～９人;１０人以上
質問205,問16.180,中学校,2018,,219,,,,,,,,,2017,2018,9,,0,１６　昨年度（平成２９年度）の３年生について、入力または当てはまるものを選んでください。,"就学援助を受けていた生徒の人数（３０年３月３１日現在）は何人でしたか
※該当がない場合は0を入力",数値入力
質問206,問16.181,中学校,2018,,220,,,,,,,,,2017,2018,9,,0,１６　昨年度（平成２９年度）の３年生について、入力または当てはまるものを選んでください。,生徒は熱意をもって勉強することができていましたか,できる生徒がおおよそ９割以上;できる生徒がおおよそ８割以上９割未満;できる生徒がおおよそ５割以上８割未満;できる生徒がおおよそ５割未満
質問207,問16.182.ア　遅刻,中学校,2018,,222,,,,,,,,,2017,2018,9,,0,１６　昨年度（平成２９年度）の３年生について、入力または当てはまるものを選んでください。,遅刻,問題ではなかった;小さな問題だった;中くらいの問題だった;深刻な問題だった
質問208,問16.182.イ　不登校,中学校,2018,,223,,,,,,,,,2017,2018,9,,0,１６　昨年度（平成２９年度）の３年生について、入力または当てはまるものを選んでください。,不登校,問題ではなかった;小さな問題だった;中くらいの問題だった;深刻な問題だった
質問209,問16.182.ウ　学習規律の確保,中学校,2018,,224,,,,,,,,,2017,2018,9,,0,１６　昨年度（平成２９年度）の３年生について、入力または当てはまるものを選んでください。,学習規律の確保,問題ではなかった;小さな問題だった;中くらいの問題だった;深刻な問題だった
質問210,問16.182.エ　暴力行為や児童同士のトラブル,中学校,2018,,225,,,,,,,,,2017,2018,9,,0,１６　昨年度（平成２９年度）の３年生について、入力または当てはまるものを選んでください。,暴力行為や生徒同士のトラブル,問題ではなかった;小さな問題だった;中くらいの問題だった;深刻な問題だった
質問211,問17.183,中学校,2018,,227,,,,,,,,,2017,2018,all,,0,１７　昨年度（平成２９年度）の保護者等への働きかけについて、当てはまるものを選んでください。（１８５は複数回答が可能です。１８６は３つまで選んでください。）,ＰＴＡや地域の人が学校の諸活動にボランティアとして参加してくれましたか,よく参加してくれた;参加してくれた;あまり参加してくれなかった;全く参加してくれなかった
質問212,問17.184,中学校,2018,,228,,,,,,,,,2017,2018,all,,0,１７　昨年度（平成２９年度）の保護者等への働きかけについて、当てはまるものを選んでください。（１８５は複数回答が可能です。１８６は３つまで選んでください。）,保護者や地域の人の学校を支援する活動は、学校の教育水準の向上に効果がありましたか,そのとおりだと思う;どちらかといえば、そう思う;どちらかといえば、そう思わない;そう思わない
質問213,問17.185,中学校,2018,,229,,,,,,,,,2017,2018,all,,0,１７　昨年度（平成２９年度）の保護者等への働きかけについて、当てはまるものを選んでください。（１８５は複数回答が可能です。１８６は３つまで選んでください。）,"学校の教育活動を保護者や地域の人にどのような方法で公開していますか
（複数回答可）",学校・学年だより等;ホームページ;参観日;学校行事
質問214,問17.186,中学校,2018,,230,,,,,,,,,2017,2018,all,,0,１７　昨年度（平成２９年度）の保護者等への働きかけについて、当てはまるものを選んでください。（１８５は複数回答が可能です。１８６は３つまで選んでください。）,保護者への働きかけとして取り組んだことのうち、次の事項のうち最も重視して取り組んだものとして、当てはまるものを３つまで選んでください,家庭学習について;朝食の摂取や睡眠時間等の基本的な生活習慣について;読書時間について;携帯電話やテレビゲームなどの使用等について;家庭生活（お手伝い、親子の会話など）について
質問215,問18.187,中学校,2018,,232,,,,,,,,,2017,2018,all,,0,１８　昨年度（平成２９年度）の「復習シート」の活用状況について、当てはまる方を選んでください。,授業中に、学習内容の定着を見届けるために使った。,はい;いいえ
質問216,問18.188,中学校,2018,,233,,,,,,,,,2017,2018,all,,0,１８　昨年度（平成２９年度）の「復習シート」の活用状況について、当てはまる方を選んでください。,朝学習や放課後の補習などで使った。,はい;いいえ
質問217,問18.189,中学校,2018,,234,,,,,,,,,2017,2018,all,,0,１８　昨年度（平成２９年度）の「復習シート」の活用状況について、当てはまる方を選んでください。,家庭学習用の課題（宿題）として使った。,はい;いいえ
質問218,問19.190,中学校,2018,,236,,,,,,,,,2017,2018,all,,0,１９　昨年度（平成２９年度）の調査結果の分析や、その結果の活用状況について、当てはまる方を選んでください。,調査結果を、前年度の学級に並び替えた（市町村教委が並び替えを行い、その結果を提供された場合も含む）。　　,はい;いいえ
質問219,問19.191,中学校,2018,,237,,,,,,,,,2017,2018,all,,0,１９　昨年度（平成２９年度）の調査結果の分析や、その結果の活用状況について、当てはまる方を選んでください。,並び替えた調査結果を基に、学力や非認知能力、学習方略を大きく伸ばした前年度の学級担任や教科担任を把握した。,はい;いいえ
質問220,問19.192,中学校,2018,,238,,,,,,,,,2017,2018,all,,0,１９　昨年度（平成２９年度）の調査結果の分析や、その結果の活用状況について、当てはまる方を選んでください。,授業改善のためのきっかけの一つとして、前年度の各学級に並び替えた結果を、前年度のそれぞれの学級担任または教科担任に伝えた。,はい;いいえ
質問221,問19.193,中学校,2018,,239,,,,,,,,,2017,2018,all,,0,１９　昨年度（平成２９年度）の調査結果の分析や、その結果の活用状況について、当てはまる方を選んでください。,前年度の各学級に並び替えた結果を、前年度の学級担任や教科担任のうち、学力や非認知能力、学習方略を大きく伸ばした教員にのみ伝えた。,はい;いいえ
質問222,問19.194,中学校,2018,,240,,,,,,,,,2017,2018,all,,0,１９　昨年度（平成２９年度）の調査結果の分析や、その結果の活用状況について、当てはまる方を選んでください。,学力や非認知能力、学習方略を大きく伸ばした教員から、伸ばした要因等について把握するための聞き取りなどを行い、その結果を全教員で共有した。,はい;いいえ
質問223,問19.195,中学校,2018,,241,,,,,,,,,2017,2018,all,,0,１９　昨年度（平成２９年度）の調査結果の分析や、その結果の活用状況について、当てはまる方を選んでください。,共有した内容を基に、全教員で話し合うなどの研修を行った。,はい;いいえ
質問224,問19.196,中学校,2018,,242,,,,,,,,,2017,2018,all,,0,１９　昨年度（平成２９年度）の調査結果の分析や、その結果の活用状況について、当てはまる方を選んでください。,共有した内容が、具体的な授業改善に活かされた。,はい;いいえ
